Workbook

Sheet DASHBOARD GERAL
B2: DASHBOARD — MANIFESTO ELETRÔNICO SANTRI | Q2: GRÁFICOS DASHBOARD — MANIFESTO ELETRÔNICO SANTRI
B4: Visão executiva + operacional: lojas, motoristas, evidências, assinatura do motorista e baixa.
B5: Taxa de Conformidade do Processo de Entrega (OK) | D5: Índice de Saúde Operacional | F5: % Assinatura Motorista | H5: % Evidência | J5: % Baixado | L5: Taxa de Conformidade do Processo de Entrega (% NOK) | N5: Total Auditado
B6: =IFERROR(COUNTIF(TRATAMENTO!K:K,"OK")/(COUNTIF(TRATAMENTO!K:K,"OK")+COUNTIF(TRATAMENTO!K:K,"NOK")),0) -> 0.54716981 | D6: =IFERROR(AVERAGEIF(TRATAMENTO!V:V,">0"),0) -> 0.77538462 | F6: =IFERROR(COUNTIF(CONTROLE_DIARIO!F:F,"SIM")/(COUNTIF(CONTROLE_DIARIO!F:F,"SIM")+COUNTIF(CONTROLE_DIARIO!F:F,"NÃO")),0) -> 0.69230769 | H6: =IFERROR(COUNTIF(CONTROLE_DIARIO!J:J,"SIM")/(COUNTIF(CONTROLE_DIARIO!J:J,"SIM")+COUNTIF(CONTROLE_DIARIO!J:J,"NÃO")),0) -> 0.6 | J6: =IFERROR(COUNTIF(CONTROLE_DIARIO!I:I,"SIM")/(COUNTIF(CONTROLE_DIARIO!I:I,"SIM")+COUNTIF(CONTROLE_DIARIO!I:I,"NÃO")),0) -> 1 | L6: =IFERROR(COUNTIF(TRATAMENTO!K:K,"NOK")/(COUNTIF(TRATAMENTO!K:K,"OK")+COUNTIF(TRATAMENTO!K:K,"NOK")),0) -> 0.45283019 | N6: =COUNTA(CONTROLE_DIARIO!C:C)-1 -> 159
B9: Meta: ≥95% OK | Atenção: 85% a 94,9% | Crítico: abaixo de 85%
B11: RANKING POR LOJA | H11: RANKING POR MOTORISTA | N11: STATUS SANTRI
B12: Loja | C12: Auditorias | D12: OK | E12: NOK | F12: TCPE | H12: Motorista | I12: Auditorias | J12: OK | K12: NOK | L12: TCPE | N12: Status | O12: Qtde
B13: =AUXILIAR!C2 -> Loja Pistão | C13: =COUNTIF(TRATAMENTO!B:B,B13) -> 44 | D13: =COUNTIFS(TRATAMENTO!B:B,B13,TRATAMENTO!K:K,"OK") -> 31 | E13: =COUNTIFS(TRATAMENTO!B:B,B13,TRATAMENTO!K:K,"NOK") -> 13 | F13: =IFERROR(D13/C13,0) -> 0.70454545 | H13: =AUXILIAR!E2 -> João Lucas | I13: =COUNTIF(TRATAMENTO!D:D,H13) -> 82 | J13: =COUNTIFS(TRATAMENTO!D:D,H13,TRATAMENTO!K:K,"OK") -> 56 | K13: =COUNTIFS(TRATAMENTO!D:D,H13,TRATAMENTO!K:K,"NOK") -> 26 | L13: =IFERROR(J13/I13,0) -> 0.68292683 | N13: =AUXILIAR!G2 -> Entrega Total | O13: =COUNTIF(CONTROLE_DIARIO!E:E,N13) -> 130
B14: =AUXILIAR!C3 -> Loja Asa Norte | C14: =COUNTIF(TRATAMENTO!B:B,B14) -> 33 | D14: =COUNTIFS(TRATAMENTO!B:B,B14,TRATAMENTO!K:K,"OK") -> 0 | E14: =COUNTIFS(TRATAMENTO!B:B,B14,TRATAMENTO!K:K,"NOK") -> 33 | F14: =IFERROR(D14/C14,0) -> 0 | H14: =AUXILIAR!E3 -> Jusley | I14: =COUNTIF(TRATAMENTO!D:D,H14) -> 3 | J14: =COUNTIFS(TRATAMENTO!D:D,H14,TRATAMENTO!K:K,"OK") -> 0 | K14: =COUNTIFS(TRATAMENTO!D:D,H14,TRATAMENTO!K:K,"NOK") -> 3 | L14: =IFERROR(J14/I14,0) -> 0 | N14: =AUXILIAR!G3 -> Retorno Total | O14: =COUNTIF(CONTROLE_DIARIO!E:E,N14) -> 1
B15: =AUXILIAR!C4 -> Loja Aguas Lindas | C15: =COUNTIF(TRATAMENTO!B:B,B15) -> 3 | D15: =COUNTIFS(TRATAMENTO!B:B,B15,TRATAMENTO!K:K,"OK") -> 0 | E15: =COUNTIFS(TRATAMENTO!B:B,B15,TRATAMENTO!K:K,"NOK") -> 3 | F15: =IFERROR(D15/C15,0) -> 0 | H15: =AUXILIAR!E4 -> J. Alessandro | I15: =COUNTIF(TRATAMENTO!D:D,H15) -> 34 | J15: =COUNTIFS(TRATAMENTO!D:D,H15,TRATAMENTO!K:K,"OK") -> 0 | K15: =COUNTIFS(TRATAMENTO!D:D,H15,TRATAMENTO!K:K,"NOK") -> 34 | L15: =IFERROR(J15/I15,0) -> 0 | N15: =AUXILIAR!G4 -> Entrega Parcial | O15: =COUNTIF(CONTROLE_DIARIO!E:E,N15) -> 0
B16: =AUXILIAR!C5 -> Loja Valparaiso | C16: =COUNTIF(TRATAMENTO!B:B,B16) -> 41 | D16: =COUNTIFS(TRATAMENTO!B:B,B16,TRATAMENTO!K:K,"OK") -> 31 | E16: =COUNTIFS(TRATAMENTO!B:B,B16,TRATAMENTO!K:K,"NOK") -> 10 | F16: =IFERROR(D16/C16,0) -> 0.75609756 | H16: =AUXILIAR!E5 -> Wederson C. | I16: =COUNTIF(TRATAMENTO!D:D,H16) -> 40 | J16: =COUNTIFS(TRATAMENTO!D:D,H16,TRATAMENTO!K:K,"OK") -> 31 | K16: =COUNTIFS(TRATAMENTO!D:D,H16,TRATAMENTO!K:K,"NOK") -> 9 | L16: =IFERROR(J16/I16,0) -> 0.775 | N16: =AUXILIAR!G5 -> Aberto | O16: =COUNTIF(CONTROLE_DIARIO!E:E,N16) -> 15
B17: =AUXILIAR!C6 -> Loja Ceilândia | C17: =COUNTIF(TRATAMENTO!B:B,B17) -> 0 | D17: =COUNTIFS(TRATAMENTO!B:B,B17,TRATAMENTO!K:K,"OK") -> 0 | E17: =COUNTIFS(TRATAMENTO!B:B,B17,TRATAMENTO!K:K,"NOK") -> 0 | F17: =IFERROR(D17/C17,0) -> 0 | H17: =AUXILIAR!E6 -> 0 | I17: =COUNTIF(TRATAMENTO!D:D,H17) -> 337 | J17: =COUNTIFS(TRATAMENTO!D:D,H17,TRATAMENTO!K:K,"OK") -> 0 | K17: =COUNTIFS(TRATAMENTO!D:D,H17,TRATAMENTO!K:K,"NOK") -> 0 | L17: =IFERROR(J17/I17,0) -> 0 | N17: =AUXILIAR!G6 -> Devolução Avaria | O17: =COUNTIF(CONTROLE_DIARIO!E:E,N17) -> 0
B18: =AUXILIAR!C7 -> Loja ADE | C18: =COUNTIF(TRATAMENTO!B:B,B18) -> 38 | D18: =COUNTIFS(TRATAMENTO!B:B,B18,TRATAMENTO!K:K,"OK") -> 25 | E18: =COUNTIFS(TRATAMENTO!B:B,B18,TRATAMENTO!K:K,"NOK") -> 13 | F18: =IFERROR(D18/C18,0) -> 0.65789474 | H18: =AUXILIAR!E7 -> 0 | I18: =COUNTIF(TRATAMENTO!D:D,H18) -> 337 | J18: =COUNTIFS(TRATAMENTO!D:D,H18,TRATAMENTO!K:K,"OK") -> 0 | K18: =COUNTIFS(TRATAMENTO!D:D,H18,TRATAMENTO!K:K,"NOK") -> 0 | L18: =IFERROR(J18/I18,0) -> 0 | N18: =AUXILIAR!G7 -> Cancelado | O18: =COUNTIF(CONTROLE_DIARIO!E:E,N18) -> 13
B19: =AUXILIAR!C8 -> Loja Matriz | C19: =COUNTIF(TRATAMENTO!B:B,B19) -> 0 | D19: =COUNTIFS(TRATAMENTO!B:B,B19,TRATAMENTO!K:K,"OK") -> 0 | E19: =COUNTIFS(TRATAMENTO!B:B,B19,TRATAMENTO!K:K,"NOK") -> 0 | F19: =IFERROR(D19/C19,0) -> 0 | H19: =AUXILIAR!E8 -> 0 | I19: =COUNTIF(TRATAMENTO!D:D,H19) -> 337 | J19: =COUNTIFS(TRATAMENTO!D:D,H19,TRATAMENTO!K:K,"OK") -> 0 | K19: =COUNTIFS(TRATAMENTO!D:D,H19,TRATAMENTO!K:K,"NOK") -> 0 | L19: =IFERROR(J19/I19,0) -> 0
B20: =AUXILIAR!C9 -> Loja Luziânia | C20: =COUNTIF(TRATAMENTO!B:B,B20) -> 0 | D20: =COUNTIFS(TRATAMENTO!B:B,B20,TRATAMENTO!K:K,"OK") -> 0 | E20: =COUNTIFS(TRATAMENTO!B:B,B20,TRATAMENTO!K:K,"NOK") -> 0 | F20: =IFERROR(D20/C20,0) -> 0 | H20: =AUXILIAR!E9 -> 0 | I20: =COUNTIF(TRATAMENTO!D:D,H20) -> 337 | J20: =COUNTIFS(TRATAMENTO!D:D,H20,TRATAMENTO!K:K,"OK") -> 0 | K20: =COUNTIFS(TRATAMENTO!D:D,H20,TRATAMENTO!K:K,"NOK") -> 0 | L20: =IFERROR(J20/I20,0) -> 0
B22: EVOLUÇÃO MENSAL | H22: FALHAS IDENTIFICADAS | L22: PEDIDOS 100% OK (SEM NENHUMA FALHA)
B23: Mês | C23: Total | D23: OK | E23: NOK | F23: TCPE | H23: Erro | I23: Qtde | J23: % | L23: Status | M23: Qtde | N23: %
B24: 46113 | C24: =COUNTIFS(TRATAMENTO!A:A,">="&B24,TRATAMENTO!A:A,"<"&EDATE(B24,1)) -> 8 | D24: =COUNTIFS(TRATAMENTO!A:A,">="&B24,TRATAMENTO!A:A,"<"&EDATE(B24,1),TRATAMENTO!K:K,"OK") -> 6 | E24: =COUNTIFS(TRATAMENTO!A:A,">="&B24,TRATAMENTO!A:A,"<"&EDATE(B24,1),TRATAMENTO!K:K,"NOK") -> 2 | F24: =IFERROR(D24/C24,0) -> 0.75 | H24: =AUXILIAR!I3 -> Sem assinatura | I24: =COUNTIF(TRATAMENTO!R:R,H24) -> 2 | J24: =IFERROR(I24/SUM($I$24:$I$32),0) -> 0.019417476 | L24: OK | M24: =COUNTIF(CONTROLE_DIARIO!L:L,"OK") -> 40 | N24: =IFERROR(COUNTIF(CONTROLE_DIARIO!L:L,"OK")/(COUNTA(CONTROLE_DIARIO!L:L)-1),0) -> 0.27777778
B25: 46143 | C25: =COUNTIFS(TRATAMENTO!A:A,">="&B25,TRATAMENTO!A:A,"<"&EDATE(B25,1)) -> 151 | D25: =COUNTIFS(TRATAMENTO!A:A,">="&B25,TRATAMENTO!A:A,"<"&EDATE(B25,1),TRATAMENTO!K:K,"OK") -> 81 | E25: =COUNTIFS(TRATAMENTO!A:A,">="&B25,TRATAMENTO!A:A,"<"&EDATE(B25,1),TRATAMENTO!K:K,"NOK") -> 70 | F25: =IFERROR(D25/C25,0) -> 0.53642384 | H25: =AUXILIAR!I4 -> Sem nenhuma foto | I25: =COUNTIF(TRATAMENTO!L:L,H25) -> 1 | J25: =IFERROR(I25/SUM($I$24:$I$32),0) -> 0.0097087379 | L25: NOK | M25: =COUNTA(CONTROLE_DIARIO!L:L)-COUNTIF(CONTROLE_DIARIO!L:L,"OK")-1 -> 104 | N25: =IFERROR((COUNTA(CONTROLE_DIARIO!L:L)-COUNTIF(CONTROLE_DIARIO!L:L,"OK")-1)/(COUNTA(CONTROLE_DIARIO!L:L)-1),0) -> 0.72222222
B26: 46174 | C26: =COUNTIFS(TRATAMENTO!A:A,">="&B26,TRATAMENTO!A:A,"<"&EDATE(B26,1)) -> 0 | D26: =COUNTIFS(TRATAMENTO!A:A,">="&B26,TRATAMENTO!A:A,"<"&EDATE(B26,1),TRATAMENTO!K:K,"OK") -> 0 | E26: =COUNTIFS(TRATAMENTO!A:A,">="&B26,TRATAMENTO!A:A,"<"&EDATE(B26,1),TRATAMENTO!K:K,"NOK") -> 0 | F26: =IFERROR(D26/C26,0) -> 0 | H26: =AUXILIAR!I5 -> Sem foto fachada | I26: =COUNTIF(TRATAMENTO!L:L,H26) -> 47 | J26: =IFERROR(I26/SUM($I$24:$I$32),0) -> 0.45631068
B27: 46204 | C27: =COUNTIFS(TRATAMENTO!A:A,">="&B27,TRATAMENTO!A:A,"<"&EDATE(B27,1)) -> 0 | D27: =COUNTIFS(TRATAMENTO!A:A,">="&B27,TRATAMENTO!A:A,"<"&EDATE(B27,1),TRATAMENTO!K:K,"OK") -> 0 | E27: =COUNTIFS(TRATAMENTO!A:A,">="&B27,TRATAMENTO!A:A,"<"&EDATE(B27,1),TRATAMENTO!K:K,"NOK") -> 0 | F27: =IFERROR(D27/C27,0) -> 0 | H27: =AUXILIAR!I6 -> Sem foto produtos | I27: =COUNTIF(TRATAMENTO!L:L,H27) -> 0 | J27: =IFERROR(I27/SUM($I$24:$I$32),0) -> 0
B28: 46235 | C28: =COUNTIFS(TRATAMENTO!A:A,">="&B28,TRATAMENTO!A:A,"<"&EDATE(B28,1)) -> 0 | D28: =COUNTIFS(TRATAMENTO!A:A,">="&B28,TRATAMENTO!A:A,"<"&EDATE(B28,1),TRATAMENTO!K:K,"OK") -> 0 | E28: =COUNTIFS(TRATAMENTO!A:A,">="&B28,TRATAMENTO!A:A,"<"&EDATE(B28,1),TRATAMENTO!K:K,"NOK") -> 0 | F28: =IFERROR(D28/C28,0) -> 0 | H28: =AUXILIAR!I7 -> Sem fotos e assinatura | I28: =COUNTIF(TRATAMENTO!R:R,H28) -> 0 | J28: =IFERROR(I28/SUM($I$24:$I$32),0) -> 0
B29: 46266 | C29: =COUNTIFS(TRATAMENTO!A:A,">="&B29,TRATAMENTO!A:A,"<"&EDATE(B29,1)) -> 0 | D29: =COUNTIFS(TRATAMENTO!A:A,">="&B29,TRATAMENTO!A:A,"<"&EDATE(B29,1),TRATAMENTO!K:K,"OK") -> 0 | E29: =COUNTIFS(TRATAMENTO!A:A,">="&B29,TRATAMENTO!A:A,"<"&EDATE(B29,1),TRATAMENTO!K:K,"NOK") -> 0 | F29: =IFERROR(D29/C29,0) -> 0 | H29: =AUXILIAR!I8 -> Não conferido | I29: =COUNTIF(TRATAMENTO!R:R,H29) -> 0 | J29: =IFERROR(I29/SUM($I$24:$I$32),0) -> 0 | R29: Legenda:
B30: 46296 | C30: =COUNTIFS(TRATAMENTO!A:A,">="&B30,TRATAMENTO!A:A,"<"&EDATE(B30,1)) -> 0 | D30: =COUNTIFS(TRATAMENTO!A:A,">="&B30,TRATAMENTO!A:A,"<"&EDATE(B30,1),TRATAMENTO!K:K,"OK") -> 0 | E30: =COUNTIFS(TRATAMENTO!A:A,">="&B30,TRATAMENTO!A:A,"<"&EDATE(B30,1),TRATAMENTO!K:K,"NOK") -> 0 | F30: =IFERROR(D30/C30,0) -> 0 | H30: =AUXILIAR!I9 -> Não baixado | I30: =COUNTIF(TRATAMENTO!R:R,H30) -> 0 | J30: =IFERROR(I30/SUM($I$24:$I$32),0) -> 0 | R30: *TCPE = Taxa de Conformidade do Processo de Entrega
B31: 46327 | C31: =COUNTIFS(TRATAMENTO!A:A,">="&B31,TRATAMENTO!A:A,"<"&EDATE(B31,1)) -> 0 | D31: =COUNTIFS(TRATAMENTO!A:A,">="&B31,TRATAMENTO!A:A,"<"&EDATE(B31,1),TRATAMENTO!K:K,"OK") -> 0 | E31: =COUNTIFS(TRATAMENTO!A:A,">="&B31,TRATAMENTO!A:A,"<"&EDATE(B31,1),TRATAMENTO!K:K,"NOK") -> 0 | F31: =IFERROR(D31/C31,0) -> 0 | H31: Fora APP | I31: =COUNTIF(TRATAMENTO!R:R,H31) -> 40 | J31: =IFERROR(I31/SUM($I$24:$I$32),0) -> 0.38834951
B32: 46357 | C32: =COUNTIFS(TRATAMENTO!A:A,">="&B32,TRATAMENTO!A:A,"<"&EDATE(B32,1)) -> 0 | D32: =COUNTIFS(TRATAMENTO!A:A,">="&B32,TRATAMENTO!A:A,"<"&EDATE(B32,1),TRATAMENTO!K:K,"OK") -> 0 | E32: =COUNTIFS(TRATAMENTO!A:A,">="&B32,TRATAMENTO!A:A,"<"&EDATE(B32,1),TRATAMENTO!K:K,"NOK") -> 0 | F32: =IFERROR(D32/C32,0) -> 0 | H32: =AUXILIAR!I10 -> Manifesto cancelado | I32: =COUNTIF(TRATAMENTO!R:R,H32) -> 13 | J32: =IFERROR(I32/SUM($I$24:$I$32),0) -> 0.12621359
H33: =AUXILIAR!I11 -> Outro | I33: =COUNTIF(TRATAMENTO!R:R,H33) -> 0 | J33: =IFERROR(I33/SUM($I$24:$I$32),0) -> 0

Sheet DASHBOARD ADE
B2: DASHBOARD ADE — MANIFESTO ELETRÔNICO SANTRI | Q2: GRÁFICOS DASHBOARD — MANIFESTO ELETRÔNICO SANTRI
B4: Visão executiva + operacional: lojas, motoristas, evidências, assinatura do motorista e baixa.
B5: Taxa de Conformidade do Processo de Entrega (OK) | D5: Índice de Saúde Operacional | F5: % Assinatura Motorista | H5: % Evidência | J5: % Baixado | L5: Taxa de Conformidade do Processo de Entrega (% NOK) | N5: Total Auditado
B6: =IFERROR(COUNTIFS(TRATAMENTO!B:B,"Loja ADE",TRATAMENTO!K:K,"OK")/(COUNTIFS(TRATAMENTO!B:B,"Loja ADE",TRATAMENTO!K:K,"OK")+COUNTIFS(TRATAMENTO!B:B,"Loja ADE",TRATAMENTO!K:K,"NOK")),0) -> 0.65789474 | D6: =IFERROR(SUMIFS(TRATAMENTO!V5:V500,TRATAMENTO!B5:B500,"Loja ADE",TRATAMENTO!V5:V500,">0")/COUNTIFS(TRATAMENTO!B5:B500,"Loja ADE",TRATAMENTO!V5:V500,">0"),0) -> 0.92413793 | F6: =IFERROR(COUNTIFS(CONTROLE_DIARIO!B6:B500,"Loja ADE",CONTROLE_DIARIO!F6:F500,"SIM")/(COUNTIFS(CONTROLE_DIARIO!B6:B500,"Loja ADE",CONTROLE_DIARIO!F6:F500,"SIM")+COUNTIFS(CONTROLE_DIARIO!B6:B500,"Loja ADE",CONTROLE_DIARIO!F6:F500,"NÃO")),0) -> 0.93103448 | H6: =IFERROR(COUNTIFS(CONTROLE_DIARIO!B6:B500,"Loja ADE",CONTROLE_DIARIO!J6:J500,"SIM")/(COUNTIFS(CONTROLE_DIARIO!B6:B500,"Loja ADE",CONTROLE_DIARIO!J6:J500,"SIM")+COUNTIFS(CONTROLE_DIARIO!B6:B500,"Loja ADE",CONTROLE_DIARIO!J6:J500,"NÃO")),0) -> 0.69444444 | J6: =IFERROR(COUNTIFS(CONTROLE_DIARIO!B6:B500,"Loja ADE",CONTROLE_DIARIO!I6:I500,"SIM")/(COUNTIFS(CONTROLE_DIARIO!B6:B500,"Loja ADE",CONTROLE_DIARIO!I6:I500,"SIM")+COUNTIFS(CONTROLE_DIARIO!B6:B500,"Loja ADE",CONTROLE_DIARIO!I6:I500,"NÃO")),0) -> 1 | L6: =IFERROR(COUNTIFS(TRATAMENTO!B:B,"Loja ADE",TRATAMENTO!K:K,"NOK")/(COUNTIFS(TRATAMENTO!B:B,"Loja ADE",TRATAMENTO!K:K,"OK")+COUNTIFS(TRATAMENTO!B:B,"Loja ADE",TRATAMENTO!K:K,"NOK")),0) -> 0.34210526 | M6: 0 | N6: =COUNTIF(CONTROLE_DIARIO!B:B,"Loja ADE") -> 38
L7: 0.20689655 | M7: 0
B9: Meta: ≥95% OK | Atenção: 85% a 94,9% | Crítico: abaixo de 85%
B11: EVOLUÇÃO MENSAL | H11: FALHAS IDENTIFICADAS | L11: PEDIDOS 100% OK (SEM NENHUMA FALHA)
B12: Mês | C12: Total | D12: OK | E12: NOK | F12: TCPE | H12: Erro | I12: Qtde | J12: % | L12: Status | M12: Qtde | N12: %
B13: 46113 | C13: =COUNTIFS(TRATAMENTO!B:B,"Loja ADE",TRATAMENTO!A:A,">="&B13,TRATAMENTO!A:A,"<"&EDATE(B13,1)) -> 8 | D13: =COUNTIFS(TRATAMENTO!B:B,"Loja ADE",TRATAMENTO!A:A,">="&B13,TRATAMENTO!A:A,"<"&EDATE(B13,1),TRATAMENTO!K:K,"OK") -> 6 | E13: =COUNTIFS(TRATAMENTO!B:B,"Loja ADE",TRATAMENTO!A:A,">="&B13,TRATAMENTO!A:A,"<"&EDATE(B13,1),TRATAMENTO!K:K,"NOK") -> 2 | F13: =IFERROR(D13/C13,0) -> 0.75 | H13: =AUXILIAR!I3 -> Sem assinatura | I13: =COUNTIFS(TRATAMENTO!B:B,"Loja ADE",TRATAMENTO!R:R,H13) -> 2 | J13: =IFERROR(I13/SUM($I$13:$I$22),0) -> 0.2 | L13: OK | M13: =COUNTIFS(TRATAMENTO!B:B,"Loja ADE",TRATAMENTO!K:K,"OK") -> 25 | N13: =IFERROR(M13/(M13+M14),0) -> 0.65789474
B14: 46143 | C14: =COUNTIFS(TRATAMENTO!B:B,"Loja ADE",TRATAMENTO!A:A,">="&B14,TRATAMENTO!A:A,"<"&EDATE(B14,1)) -> 30 | D14: =COUNTIFS(TRATAMENTO!B:B,"Loja ADE",TRATAMENTO!A:A,">="&B14,TRATAMENTO!A:A,"<"&EDATE(B14,1),TRATAMENTO!K:K,"OK") -> 19 | E14: =COUNTIFS(TRATAMENTO!B:B,"Loja ADE",TRATAMENTO!A:A,">="&B14,TRATAMENTO!A:A,"<"&EDATE(B14,1),TRATAMENTO!K:K,"NOK") -> 11 | F14: =IFERROR(D14/C14,0) -> 0.63333333 | H14: =AUXILIAR!I4 -> Sem nenhuma foto | I14: =COUNTIFS(TRATAMENTO!B:B,"Loja ADE",TRATAMENTO!L:L,H14) -> 0 | J14: =IFERROR(I14/SUM($I$13:$I$22),0) -> 0 | L14: NOK | M14: =COUNTIFS(TRATAMENTO!B:B,"Loja ADE",TRATAMENTO!K:K,"NOK") -> 13 | N14: =IFERROR(M14/(M13+M14),0) -> 0.34210526
B15: 46174 | C15: =COUNTIFS(TRATAMENTO!B:B,"Loja ADE",TRATAMENTO!A:A,">="&B15,TRATAMENTO!A:A,"<"&EDATE(B15,1)) -> 0 | D15: =COUNTIFS(TRATAMENTO!B:B,"Loja ADE",TRATAMENTO!A:A,">="&B15,TRATAMENTO!A:A,"<"&EDATE(B15,1),TRATAMENTO!K:K,"OK") -> 0 | E15: =COUNTIFS(TRATAMENTO!B:B,"Loja ADE",TRATAMENTO!A:A,">="&B15,TRATAMENTO!A:A,"<"&EDATE(B15,1),TRATAMENTO!K:K,"NOK") -> 0 | F15: =IFERROR(D15/C15,0) -> 0 | H15: =AUXILIAR!I5 -> Sem foto fachada | I15: =COUNTIFS(TRATAMENTO!B:B,"Loja ADE",TRATAMENTO!L:L,H15) -> 5 | J15: =IFERROR(I15/SUM($I$13:$I$22),0) -> 0.5
B16: 46204 | C16: =COUNTIFS(TRATAMENTO!B:B,"Loja ADE",TRATAMENTO!A:A,">="&B16,TRATAMENTO!A:A,"<"&EDATE(B16,1)) -> 0 | D16: =COUNTIFS(TRATAMENTO!B:B,"Loja ADE",TRATAMENTO!A:A,">="&B16,TRATAMENTO!A:A,"<"&EDATE(B16,1),TRATAMENTO!K:K,"OK") -> 0 | E16: =COUNTIFS(TRATAMENTO!B:B,"Loja ADE",TRATAMENTO!A:A,">="&B16,TRATAMENTO!A:A,"<"&EDATE(B16,1),TRATAMENTO!K:K,"NOK") -> 0 | F16: =IFERROR(D16/C16,0) -> 0 | H16: =AUXILIAR!I6 -> Sem foto produtos | I16: =COUNTIFS(TRATAMENTO!B:B,"Loja ADE",TRATAMENTO!L:L,H16) -> 0 | J16: =IFERROR(I16/SUM($I$13:$I$22),0) -> 0 | L16: STATUS SANTRI
B17: 46235 | C17: =COUNTIFS(TRATAMENTO!B:B,"Loja ADE",TRATAMENTO!A:A,">="&B17,TRATAMENTO!A:A,"<"&EDATE(B17,1)) -> 0 | D17: =COUNTIFS(TRATAMENTO!B:B,"Loja ADE",TRATAMENTO!A:A,">="&B17,TRATAMENTO!A:A,"<"&EDATE(B17,1),TRATAMENTO!K:K,"OK") -> 0 | E17: =COUNTIFS(TRATAMENTO!B:B,"Loja ADE",TRATAMENTO!A:A,">="&B17,TRATAMENTO!A:A,"<"&EDATE(B17,1),TRATAMENTO!K:K,"NOK") -> 0 | F17: =IFERROR(D17/C17,0) -> 0 | H17: =AUXILIAR!I7 -> Sem fotos e assinatura | I17: =COUNTIFS(TRATAMENTO!B:B,"Loja ADE",TRATAMENTO!R:R,H17) -> 0 | J17: =IFERROR(I17/SUM($I$13:$I$22),0) -> 0 | L17: Status | M17: Qtde
B18: 46266 | C18: =COUNTIFS(TRATAMENTO!B:B,"Loja ADE",TRATAMENTO!A:A,">="&B18,TRATAMENTO!A:A,"<"&EDATE(B18,1)) -> 0 | D18: =COUNTIFS(TRATAMENTO!B:B,"Loja ADE",TRATAMENTO!A:A,">="&B18,TRATAMENTO!A:A,"<"&EDATE(B18,1),TRATAMENTO!K:K,"OK") -> 0 | E18: =COUNTIFS(TRATAMENTO!B:B,"Loja ADE",TRATAMENTO!A:A,">="&B18,TRATAMENTO!A:A,"<"&EDATE(B18,1),TRATAMENTO!K:K,"NOK") -> 0 | F18: =IFERROR(D18/C18,0) -> 0 | H18: =AUXILIAR!I8 -> Não conferido | I18: =COUNTIFS(TRATAMENTO!B:B,"Loja ADE",TRATAMENTO!R:R,H18) -> 0 | J18: =IFERROR(I18/SUM($I$13:$I$22),0) -> 0 | L18: =AUXILIAR!G2 -> Entrega Total | M18: =COUNTIFS(CONTROLE_DIARIO!B:B,"Loja ADE",CONTROLE_DIARIO!E:E,L18) -> 29
B19: 46296 | C19: =COUNTIFS(TRATAMENTO!B:B,"Loja ADE",TRATAMENTO!A:A,">="&B19,TRATAMENTO!A:A,"<"&EDATE(B19,1)) -> 0 | D19: =COUNTIFS(TRATAMENTO!B:B,"Loja ADE",TRATAMENTO!A:A,">="&B19,TRATAMENTO!A:A,"<"&EDATE(B19,1),TRATAMENTO!K:K,"OK") -> 0 | E19: =COUNTIFS(TRATAMENTO!B:B,"Loja ADE",TRATAMENTO!A:A,">="&B19,TRATAMENTO!A:A,"<"&EDATE(B19,1),TRATAMENTO!K:K,"NOK") -> 0 | F19: =IFERROR(D19/C19,0) -> 0 | H19: =AUXILIAR!I9 -> Não baixado | I19: =COUNTIFS(TRATAMENTO!B:B,"Loja ADE",TRATAMENTO!R:R,H19) -> 0 | J19: =IFERROR(I19/SUM($I$13:$I$22),0) -> 0 | L19: =AUXILIAR!G3 -> Retorno Total | M19: =COUNTIFS(CONTROLE_DIARIO!B:B,"Loja ADE",CONTROLE_DIARIO!E:E,L19) -> 1
B20: 46327 | C20: =COUNTIFS(TRATAMENTO!B:B,"Loja ADE",TRATAMENTO!A:A,">="&B20,TRATAMENTO!A:A,"<"&EDATE(B20,1)) -> 0 | D20: =COUNTIFS(TRATAMENTO!B:B,"Loja ADE",TRATAMENTO!A:A,">="&B20,TRATAMENTO!A:A,"<"&EDATE(B20,1),TRATAMENTO!K:K,"OK") -> 0 | E20: =COUNTIFS(TRATAMENTO!B:B,"Loja ADE",TRATAMENTO!A:A,">="&B20,TRATAMENTO!A:A,"<"&EDATE(B20,1),TRATAMENTO!K:K,"NOK") -> 0 | F20: =IFERROR(D20/C20,0) -> 0 | H20: Fora APP | I20: =COUNTIFS(TRATAMENTO!B:B,"Loja ADE",TRATAMENTO!R:R,H20) -> 2 | J20: =IFERROR(I20/SUM($I$13:$I$22),0) -> 0.2 | L20: =AUXILIAR!G4 -> Entrega Parcial | M20: =COUNTIFS(CONTROLE_DIARIO!B:B,"Loja ADE",CONTROLE_DIARIO!E:E,L20) -> 0
B21: 46357 | C21: =COUNTIFS(TRATAMENTO!B:B,"Loja ADE",TRATAMENTO!A:A,">="&B21,TRATAMENTO!A:A,"<"&EDATE(B21,1)) -> 0 | D21: =COUNTIFS(TRATAMENTO!B:B,"Loja ADE",TRATAMENTO!A:A,">="&B21,TRATAMENTO!A:A,"<"&EDATE(B21,1),TRATAMENTO!K:K,"OK") -> 0 | E21: =COUNTIFS(TRATAMENTO!B:B,"Loja ADE",TRATAMENTO!A:A,">="&B21,TRATAMENTO!A:A,"<"&EDATE(B21,1),TRATAMENTO!K:K,"NOK") -> 0 | F21: =IFERROR(D21/C21,0) -> 0 | H21: =AUXILIAR!I10 -> Manifesto cancelado | I21: =COUNTIFS(TRATAMENTO!B:B,"Loja ADE",TRATAMENTO!R:R,H21) -> 1 | J21: =IFERROR(I21/SUM($I$13:$I$22),0) -> 0.1 | L21: =AUXILIAR!G5 -> Aberto | M21: =COUNTIFS(CONTROLE_DIARIO!B:B,"Loja ADE",CONTROLE_DIARIO!E:E,L21) -> 7
H22: =AUXILIAR!I11 -> Outro | I22: =COUNTIFS(TRATAMENTO!B:B,"Loja ADE",TRATAMENTO!R:R,H22) -> 0 | J22: =IFERROR(I22/SUM($I$13:$I$22),0) -> 0 | L22: =AUXILIAR!G6 -> Devolução Avaria | M22: =COUNTIFS(CONTROLE_DIARIO!B:B,"Loja ADE",CONTROLE_DIARIO!E:E,L22) -> 0
B23: RANKING POR MOTORISTA | L23: =AUXILIAR!G7 -> Cancelado | M23: =COUNTIFS(CONTROLE_DIARIO!B:B,"Loja ADE",CONTROLE_DIARIO!E:E,L23) -> 1
B24: Motorista | C24: Auditorias | D24: OK | E24: NOK | F24: TCPE | R24: Legenda:
B25: =AUXILIAR!E2 -> João Lucas | C25: =COUNTIFS(TRATAMENTO!B:B,"Loja ADE",TRATAMENTO!D:D,B25) -> 38 | D25: =COUNTIFS(TRATAMENTO!B:B,"Loja ADE",TRATAMENTO!D:D,B25,TRATAMENTO!K:K,"OK") -> 25 | E25: =COUNTIFS(TRATAMENTO!B:B,"Loja ADE",TRATAMENTO!D:D,B25,TRATAMENTO!K:K,"NOK") -> 13 | F25: =IFERROR(D25/C25,0) -> 0.65789474 | R25: *TCPE = Taxa de Conformidade do Processo de Entrega

Sheet DASHBOARD PIS
B2: DASHBOARD PISTÃO — MANIFESTO ELETRÔNICO SANTRI | Q2: GRÁFICOS DASHBOARD — MANIFESTO ELETRÔNICO SANTRI
B4: Visão executiva + operacional: lojas, motoristas, evidências, assinatura do motorista e baixa.
B5: Taxa de Conformidade do Processo de Entrega (OK) | D5: Índice de Saúde Operacional | F5: % Assinatura Motorista | H5: % Evidência | J5: % Baixado | L5: Taxa de Conformidade do Processo de Entrega (% NOK) | N5: Total Auditado
B6: =IFERROR(COUNTIFS(TRATAMENTO!B:B,"Loja Pistão",TRATAMENTO!K:K,"OK")/(COUNTIFS(TRATAMENTO!B:B,"Loja Pistão",TRATAMENTO!K:K,"OK")+COUNTIFS(TRATAMENTO!B:B,"Loja Pistão",TRATAMENTO!K:K,"NOK")),0) -> 0.70454545 | C6: 0 | D6: =IFERROR(SUMIFS(TRATAMENTO!V5:V500,TRATAMENTO!B5:B500,"Loja Pistão",TRATAMENTO!V5:V500,">0")/COUNTIFS(TRATAMENTO!B5:B500,"Loja Pistão",TRATAMENTO!V5:V500,">0"),0) -> 0.92857143 | E6: 0 | F6: =IFERROR(COUNTIFS(CONTROLE_DIARIO!B6:B500,"Loja Pistão",CONTROLE_DIARIO!F6:F500,"SIM")/(COUNTIFS(CONTROLE_DIARIO!B6:B500,"Loja Pistão",CONTROLE_DIARIO!F6:F500,"SIM")+COUNTIFS(CONTROLE_DIARIO!B6:B500,"Loja Pistão",CONTROLE_DIARIO!F6:F500,"NÃO")),0) -> 0.91428571 | G6: 0 | H6: =IFERROR(COUNTIFS(CONTROLE_DIARIO!B6:B500,"Loja Pistão",CONTROLE_DIARIO!J6:J500,"SIM")/(COUNTIFS(CONTROLE_DIARIO!B6:B500,"Loja Pistão",CONTROLE_DIARIO!J6:J500,"SIM")+COUNTIFS(CONTROLE_DIARIO!B6:B500,"Loja Pistão",CONTROLE_DIARIO!J6:J500,"NÃO")),0) -> 0.72093023 | I6: 0 | J6: =IFERROR(COUNTIFS(CONTROLE_DIARIO!B6:B500,"Loja Pistão",CONTROLE_DIARIO!I6:I500,"SIM")/(COUNTIFS(CONTROLE_DIARIO!B6:B500,"Loja Pistão",CONTROLE_DIARIO!I6:I500,"SIM")+COUNTIFS(CONTROLE_DIARIO!B6:B500,"Loja Pistão",CONTROLE_DIARIO!I6:I500,"NÃO")),0) -> 1 | K6: 0 | L6: 0.11764706 | M6: 0 | N6: =COUNTIF(CONTROLE_DIARIO!B:B,"Loja Pistão") -> 44 | O6: 0
B7: 0.88235294 | C7: 0 | D7: 0.94545455 | E7: 0 | F7: 0.93939394 | G7: 0 | H7: 0.90909091 | I7: 0 | J7: 1 | K7: 0 | L7: 0.20689655 | M7: 0 | N7: 34 | O7: 0
B9: Meta: ≥95% OK | Atenção: 85% a 94,9% | Crítico: abaixo de 85%
B11: EVOLUÇÃO MENSAL | H11: FALHAS IDENTIFICADAS | L11: PEDIDOS 100% OK (SEM NENHUMA FALHA)
B12: Mês | C12: Total | D12: OK | E12: NOK | F12: TCPE | H12: Erro | I12: Qtde | J12: % | L12: Status | M12: Qtde | N12: %
B13: 46113 | C13: =COUNTIFS(TRATAMENTO!B:B,"Loja Pistão",TRATAMENTO!A:A,">="&B13,TRATAMENTO!A:A,"<"&EDATE(B13,1)) -> 0 | D13: =COUNTIFS(TRATAMENTO!B:B,"Loja Pistão",TRATAMENTO!A:A,">="&B13,TRATAMENTO!A:A,"<"&EDATE(B13,1),TRATAMENTO!K:K,"OK") -> 0 | E13: =COUNTIFS(TRATAMENTO!B:B,"Loja Pistão",TRATAMENTO!A:A,">="&B13,TRATAMENTO!A:A,"<"&EDATE(B13,1),TRATAMENTO!K:K,"NOK") -> 0 | F13: =IFERROR(D13/C13,0) -> 0 | H13: =AUXILIAR!I3 -> Sem assinatura | I13: =COUNTIFS(TRATAMENTO!B:B,"Loja Pistão",TRATAMENTO!R:R,H13) -> 0 | J13: =IFERROR(I13/SUM($I$13:$I$22),0) -> 0 | L13: OK | M13: =COUNTIFS(TRATAMENTO!B:B,"Loja Pistão",TRATAMENTO!K:K,"OK") -> 31 | N13: =IFERROR(M13/(M13+M14),0) -> 0.70454545
B14: 46143 | C14: =COUNTIFS(TRATAMENTO!B:B,"Loja Pistão",TRATAMENTO!A:A,">="&B14,TRATAMENTO!A:A,"<"&EDATE(B14,1)) -> 44 | D14: =COUNTIFS(TRATAMENTO!B:B,"Loja Pistão",TRATAMENTO!A:A,">="&B14,TRATAMENTO!A:A,"<"&EDATE(B14,1),TRATAMENTO!K:K,"OK") -> 31 | E14: =COUNTIFS(TRATAMENTO!B:B,"Loja Pistão",TRATAMENTO!A:A,">="&B14,TRATAMENTO!A:A,"<"&EDATE(B14,1),TRATAMENTO!K:K,"NOK") -> 13 | F14: =IFERROR(D14/C14,0) -> 0.70454545 | H14: =AUXILIAR!I4 -> Sem nenhuma foto | I14: =COUNTIFS(TRATAMENTO!B:B,"Loja Pistão",TRATAMENTO!L:L,H14) -> 1 | J14: =IFERROR(I14/SUM($I$13:$I$22),0) -> 0.0625 | L14: NOK | M14: =COUNTIFS(TRATAMENTO!B:B,"Loja Pistão",TRATAMENTO!K:K,"NOK") -> 13 | N14: =IFERROR(M14/(M13+M14),0) -> 0.29545455
B15: 46174 | C15: =COUNTIFS(TRATAMENTO!B:B,"Loja Pistão",TRATAMENTO!A:A,">="&B15,TRATAMENTO!A:A,"<"&EDATE(B15,1)) -> 0 | D15: =COUNTIFS(TRATAMENTO!B:B,"Loja Pistão",TRATAMENTO!A:A,">="&B15,TRATAMENTO!A:A,"<"&EDATE(B15,1),TRATAMENTO!K:K,"OK") -> 0 | E15: =COUNTIFS(TRATAMENTO!B:B,"Loja Pistão",TRATAMENTO!A:A,">="&B15,TRATAMENTO!A:A,"<"&EDATE(B15,1),TRATAMENTO!K:K,"NOK") -> 0 | F15: =IFERROR(D15/C15,0) -> 0 | H15: =AUXILIAR!I5 -> Sem foto fachada | I15: =COUNTIFS(TRATAMENTO!B:B,"Loja Pistão",TRATAMENTO!L:L,H15) -> 11 | J15: =IFERROR(I15/SUM($I$13:$I$22),0) -> 0.6875
B16: 46204 | C16: =COUNTIFS(TRATAMENTO!B:B,"Loja Pistão",TRATAMENTO!A:A,">="&B16,TRATAMENTO!A:A,"<"&EDATE(B16,1)) -> 0 | D16: =COUNTIFS(TRATAMENTO!B:B,"Loja Pistão",TRATAMENTO!A:A,">="&B16,TRATAMENTO!A:A,"<"&EDATE(B16,1),TRATAMENTO!K:K,"OK") -> 0 | E16: =COUNTIFS(TRATAMENTO!B:B,"Loja Pistão",TRATAMENTO!A:A,">="&B16,TRATAMENTO!A:A,"<"&EDATE(B16,1),TRATAMENTO!K:K,"NOK") -> 0 | F16: =IFERROR(D16/C16,0) -> 0 | H16: =AUXILIAR!I6 -> Sem foto produtos | I16: =COUNTIFS(TRATAMENTO!B:B,"Loja Pistão",TRATAMENTO!L:L,H16) -> 0 | J16: =IFERROR(I16/SUM($I$13:$I$22),0) -> 0 | L16: STATUS SANTRI
B17: 46235 | C17: =COUNTIFS(TRATAMENTO!B:B,"Loja Pistão",TRATAMENTO!A:A,">="&B17,TRATAMENTO!A:A,"<"&EDATE(B17,1)) -> 0 | D17: =COUNTIFS(TRATAMENTO!B:B,"Loja Pistão",TRATAMENTO!A:A,">="&B17,TRATAMENTO!A:A,"<"&EDATE(B17,1),TRATAMENTO!K:K,"OK") -> 0 | E17: =COUNTIFS(TRATAMENTO!B:B,"Loja Pistão",TRATAMENTO!A:A,">="&B17,TRATAMENTO!A:A,"<"&EDATE(B17,1),TRATAMENTO!K:K,"NOK") -> 0 | F17: =IFERROR(D17/C17,0) -> 0 | H17: =AUXILIAR!I7 -> Sem fotos e assinatura | I17: =COUNTIFS(TRATAMENTO!B:B,"Loja Pistão",TRATAMENTO!R:R,H17) -> 0 | J17: =IFERROR(I17/SUM($I$13:$I$22),0) -> 0 | L17: Status | M17: Qtde
B18: 46266 | C18: =COUNTIFS(TRATAMENTO!B:B,"Loja Pistão",TRATAMENTO!A:A,">="&B18,TRATAMENTO!A:A,"<"&EDATE(B18,1)) -> 0 | D18: =COUNTIFS(TRATAMENTO!B:B,"Loja Pistão",TRATAMENTO!A:A,">="&B18,TRATAMENTO!A:A,"<"&EDATE(B18,1),TRATAMENTO!K:K,"OK") -> 0 | E18: =COUNTIFS(TRATAMENTO!B:B,"Loja Pistão",TRATAMENTO!A:A,">="&B18,TRATAMENTO!A:A,"<"&EDATE(B18,1),TRATAMENTO!K:K,"NOK") -> 0 | F18: =IFERROR(D18/C18,0) -> 0 | H18: =AUXILIAR!I8 -> Não conferido | I18: =COUNTIFS(TRATAMENTO!B:B,"Loja Pistão",TRATAMENTO!R:R,H18) -> 0 | J18: =IFERROR(I18/SUM($I$13:$I$22),0) -> 0 | L18: =AUXILIAR!G2 -> Entrega Total | M18: =COUNTIFS(CONTROLE_DIARIO!B:B,"Loja Pistão",CONTROLE_DIARIO!E:E,L18) -> 35
B19: 46296 | C19: =COUNTIFS(TRATAMENTO!B:B,"Loja Pistão",TRATAMENTO!A:A,">="&B19,TRATAMENTO!A:A,"<"&EDATE(B19,1)) -> 0 | D19: =COUNTIFS(TRATAMENTO!B:B,"Loja Pistão",TRATAMENTO!A:A,">="&B19,TRATAMENTO!A:A,"<"&EDATE(B19,1),TRATAMENTO!K:K,"OK") -> 0 | E19: =COUNTIFS(TRATAMENTO!B:B,"Loja Pistão",TRATAMENTO!A:A,">="&B19,TRATAMENTO!A:A,"<"&EDATE(B19,1),TRATAMENTO!K:K,"NOK") -> 0 | F19: =IFERROR(D19/C19,0) -> 0 | H19: =AUXILIAR!I9 -> Não baixado | I19: =COUNTIFS(TRATAMENTO!B:B,"Loja Pistão",TRATAMENTO!R:R,H19) -> 0 | J19: =IFERROR(I19/SUM($I$13:$I$22),0) -> 0 | L19: =AUXILIAR!G3 -> Retorno Total | M19: =COUNTIFS(CONTROLE_DIARIO!B:B,"Loja Pistão",CONTROLE_DIARIO!E:E,L19) -> 0
B20: 46327 | C20: =COUNTIFS(TRATAMENTO!B:B,"Loja Pistão",TRATAMENTO!A:A,">="&B20,TRATAMENTO!A:A,"<"&EDATE(B20,1)) -> 0 | D20: =COUNTIFS(TRATAMENTO!B:B,"Loja Pistão",TRATAMENTO!A:A,">="&B20,TRATAMENTO!A:A,"<"&EDATE(B20,1),TRATAMENTO!K:K,"OK") -> 0 | E20: =COUNTIFS(TRATAMENTO!B:B,"Loja Pistão",TRATAMENTO!A:A,">="&B20,TRATAMENTO!A:A,"<"&EDATE(B20,1),TRATAMENTO!K:K,"NOK") -> 0 | F20: =IFERROR(D20/C20,0) -> 0 | H20: Fora APP | I20: =COUNTIFS(TRATAMENTO!B:B,"Loja Pistão",TRATAMENTO!R:R,H20) -> 3 | J20: =IFERROR(I20/SUM($I$13:$I$22),0) -> 0.1875 | L20: =AUXILIAR!G4 -> Entrega Parcial | M20: =COUNTIFS(CONTROLE_DIARIO!B:B,"Loja Pistão",CONTROLE_DIARIO!E:E,L20) -> 0
B21: 46357 | C21: =COUNTIFS(TRATAMENTO!B:B,"Loja Pistão",TRATAMENTO!A:A,">="&B21,TRATAMENTO!A:A,"<"&EDATE(B21,1)) -> 0 | D21: =COUNTIFS(TRATAMENTO!B:B,"Loja Pistão",TRATAMENTO!A:A,">="&B21,TRATAMENTO!A:A,"<"&EDATE(B21,1),TRATAMENTO!K:K,"OK") -> 0 | E21: =COUNTIFS(TRATAMENTO!B:B,"Loja Pistão",TRATAMENTO!A:A,">="&B21,TRATAMENTO!A:A,"<"&EDATE(B21,1),TRATAMENTO!K:K,"NOK") -> 0 | F21: =IFERROR(D21/C21,0) -> 0 | H21: =AUXILIAR!I10 -> Manifesto cancelado | I21: =COUNTIFS(TRATAMENTO!B:B,"Loja Pistão",TRATAMENTO!R:R,H21) -> 1 | J21: =IFERROR(I21/SUM($I$13:$I$22),0) -> 0.0625 | L21: =AUXILIAR!G5 -> Aberto | M21: =COUNTIFS(CONTROLE_DIARIO!B:B,"Loja Pistão",CONTROLE_DIARIO!E:E,L21) -> 8
H22: =AUXILIAR!I11 -> Outro | I22: =COUNTIFS(TRATAMENTO!B:B,"Loja Pistão",TRATAMENTO!R:R,H22) -> 0 | J22: =IFERROR(I22/SUM($I$13:$I$22),0) -> 0 | L22: =AUXILIAR!G6 -> Devolução Avaria | M22: =COUNTIFS(CONTROLE_DIARIO!B:B,"Loja Pistão",CONTROLE_DIARIO!E:E,L22) -> 0
B23: RANKING POR MOTORISTA | L23: =AUXILIAR!G7 -> Cancelado | M23: =COUNTIFS(CONTROLE_DIARIO!B:B,"Loja Pistão",CONTROLE_DIARIO!E:E,L23) -> 1
B24: Motorista | C24: Auditorias | D24: OK | E24: NOK | F24: TCPE | R24: Legenda:
B25: =AUXILIAR!E2 -> João Lucas | C25: =COUNTIFS(TRATAMENTO!B:B,"Loja Pistão",TRATAMENTO!D:D,B25) -> 44 | D25: =COUNTIFS(TRATAMENTO!B:B,"Loja Pistão",TRATAMENTO!D:D,B25,TRATAMENTO!K:K,"OK") -> 31 | E25: =COUNTIFS(TRATAMENTO!B:B,"Loja Pistão",TRATAMENTO!D:D,B25,TRATAMENTO!K:K,"NOK") -> 13 | F25: =IFERROR(D25/C25,0) -> 0.70454545 | R25: *TCPE = Taxa de Conformidade do Processo de Entrega

Sheet DASHBOARD ASA
B2: DASHBOARD ASA NORTE — MANIFESTO ELETRÔNICO SANTRI | Q2: GRÁFICOS DASHBOARD — MANIFESTO ELETRÔNICO SANTRI
B4: Visão executiva + operacional: lojas, motoristas, evidências, assinatura do motorista e baixa.
B5: Taxa de Conformidade do Processo de Entrega (OK) | D5: Índice de Saúde Operacional | F5: % Assinatura Motorista | H5: % Evidência | J5: % Baixado | L5: Taxa de Conformidade do Processo de Entrega (% NOK) | N5: Total Auditado
B6: =IFERROR(COUNTIFS(TRATAMENTO!B:B,"Loja Asa Norte",TRATAMENTO!K:K,"OK")/(COUNTIFS(TRATAMENTO!B:B,"Loja Asa Norte",TRATAMENTO!K:K,"OK")+COUNTIFS(TRATAMENTO!B:B,"Loja Asa Norte",TRATAMENTO!K:K,"NOK")),0) -> 0 | C6: 0 | D6: =IFERROR(SUMIFS(TRATAMENTO!V5:V500,TRATAMENTO!B5:B500,"Loja Asa Norte",TRATAMENTO!V5:V500,">0")/COUNTIFS(TRATAMENTO!B5:B500,"Loja Asa Norte",TRATAMENTO!V5:V500,">0"),0) -> 0.3 | E6: 0 | F6: =IFERROR(COUNTIFS(CONTROLE_DIARIO!B6:B500,"Loja Asa Norte",CONTROLE_DIARIO!F6:F500,"SIM")/(COUNTIFS(CONTROLE_DIARIO!B6:B500,"Loja Asa Norte",CONTROLE_DIARIO!F6:F500,"SIM")+COUNTIFS(CONTROLE_DIARIO!B6:B500,"Loja Asa Norte",CONTROLE_DIARIO!F6:F500,"NÃO")),0) -> 0 | G6: 0 | H6: =IFERROR(COUNTIFS(CONTROLE_DIARIO!B6:B500,"Loja Asa Norte",CONTROLE_DIARIO!J6:J500,"SIM")/(COUNTIFS(CONTROLE_DIARIO!B6:B500,"Loja Asa Norte",CONTROLE_DIARIO!J6:J500,"SIM")+COUNTIFS(CONTROLE_DIARIO!B6:B500,"Loja Asa Norte",CONTROLE_DIARIO!J6:J500,"NÃO")),0) -> 0 | I6: 0 | J6: =IFERROR(COUNTIFS(CONTROLE_DIARIO!B6:B500,"Loja Asa Norte",CONTROLE_DIARIO!I6:I500,"SIM")/(COUNTIFS(CONTROLE_DIARIO!B6:B500,"Loja Asa Norte",CONTROLE_DIARIO!I6:I500,"SIM")+COUNTIFS(CONTROLE_DIARIO!B6:B500,"Loja Asa Norte",CONTROLE_DIARIO!I6:I500,"NÃO")),0) -> 1 | K6: 0 | L6: =IFERROR(COUNTIFS(TRATAMENTO!B:B,"Loja Asa Norte",TRATAMENTO!K:K,"NOK")/(COUNTIFS(TRATAMENTO!B:B,"Loja Asa Norte",TRATAMENTO!K:K,"OK")+COUNTIFS(TRATAMENTO!B:B,"Loja Asa Norte",TRATAMENTO!K:K,"NOK")),0) -> 1 | M6: 0 | N6: =COUNTIF(CONTROLE_DIARIO!B:B,"Loja Asa Norte") -> 33 | O6: 0
B7: 0 | C7: 0 | D7: 0.3 | E7: 0 | F7: 0 | G7: 0 | H7: 0 | I7: 0 | J7: 1 | K7: 0 | L7: 1 | M7: 0 | N7: 21 | O7: 0
B9: Meta: ≥95% OK | Atenção: 85% a 94,9% | Crítico: abaixo de 85%
B11: EVOLUÇÃO MENSAL | H11: FALHAS IDENTIFICADAS | L11: PEDIDOS 100% OK (SEM NENHUMA FALHA)
B12: Mês | C12: Total | D12: OK | E12: NOK | F12: TCPE | H12: Erro | I12: Qtde | J12: % | L12: Status | M12: Qtde | N12: %
B13: 46113 | C13: =COUNTIFS(TRATAMENTO!B:B,"Loja Asa Norte",TRATAMENTO!A:A,">="&B13,TRATAMENTO!A:A,"<"&EDATE(B13,1)) -> 0 | D13: =COUNTIFS(TRATAMENTO!B:B,"Loja Asa Norte",TRATAMENTO!A:A,">="&B13,TRATAMENTO!A:A,"<"&EDATE(B13,1),TRATAMENTO!K:K,"OK") -> 0 | E13: =COUNTIFS(TRATAMENTO!B:B,"Loja Asa Norte",TRATAMENTO!A:A,">="&B13,TRATAMENTO!A:A,"<"&EDATE(B13,1),TRATAMENTO!K:K,"NOK") -> 0 | F13: =IFERROR(D13/C13,0) -> 0 | H13: =AUXILIAR!I3 -> Sem assinatura | I13: =COUNTIFS(TRATAMENTO!B:B,"Loja Asa Norte",TRATAMENTO!R:R,H13) -> 0 | J13: =IFERROR(I13/SUM($I$13:$I$21),0) -> 0 | L13: OK | M13: =COUNTIFS(TRATAMENTO!B:B,"Loja Asa Norte",TRATAMENTO!K:K,"OK") -> 0 | N13: =IFERROR(M13/(M13+M14),0) -> 0
B14: 46143 | C14: =COUNTIFS(TRATAMENTO!B:B,"Loja Asa Norte",TRATAMENTO!A:A,">="&B14,TRATAMENTO!A:A,"<"&EDATE(B14,1)) -> 33 | D14: =COUNTIFS(TRATAMENTO!B:B,"Loja Asa Norte",TRATAMENTO!A:A,">="&B14,TRATAMENTO!A:A,"<"&EDATE(B14,1),TRATAMENTO!K:K,"OK") -> 0 | E14: =COUNTIFS(TRATAMENTO!B:B,"Loja Asa Norte",TRATAMENTO!A:A,">="&B14,TRATAMENTO!A:A,"<"&EDATE(B14,1),TRATAMENTO!K:K,"NOK") -> 33 | F14: =IFERROR(D14/C14,0) -> 0 | H14: =AUXILIAR!I4 -> Sem nenhuma foto | I14: =COUNTIFS(TRATAMENTO!B:B,"Loja Asa Norte",TRATAMENTO!L:L,H14) -> 0 | J14: =IFERROR(I14/SUM($I$13:$I$21),0) -> 0 | L14: NOK | M14: =COUNTIFS(TRATAMENTO!B:B,"Loja Asa Norte",TRATAMENTO!K:K,"NOK") -> 33 | N14: =IFERROR(M14/(M13+M14),0) -> 1
B15: 46174 | C15: =COUNTIFS(TRATAMENTO!B:B,"Loja Asa Norte",TRATAMENTO!A:A,">="&B15,TRATAMENTO!A:A,"<"&EDATE(B15,1)) -> 0 | D15: =COUNTIFS(TRATAMENTO!B:B,"Loja Asa Norte",TRATAMENTO!A:A,">="&B15,TRATAMENTO!A:A,"<"&EDATE(B15,1),TRATAMENTO!K:K,"OK") -> 0 | E15: =COUNTIFS(TRATAMENTO!B:B,"Loja Asa Norte",TRATAMENTO!A:A,">="&B15,TRATAMENTO!A:A,"<"&EDATE(B15,1),TRATAMENTO!K:K,"NOK") -> 0 | F15: =IFERROR(D15/C15,0) -> 0 | H15: =AUXILIAR!I5 -> Sem foto fachada | I15: =COUNTIFS(TRATAMENTO!B:B,"Loja Asa Norte",TRATAMENTO!L:L,H15) -> 0 | J15: =IFERROR(I15/SUM($I$13:$I$21),0) -> 0
B16: 46204 | C16: =COUNTIFS(TRATAMENTO!B:B,"Loja Asa Norte",TRATAMENTO!A:A,">="&B16,TRATAMENTO!A:A,"<"&EDATE(B16,1)) -> 0 | D16: =COUNTIFS(TRATAMENTO!B:B,"Loja Asa Norte",TRATAMENTO!A:A,">="&B16,TRATAMENTO!A:A,"<"&EDATE(B16,1),TRATAMENTO!K:K,"OK") -> 0 | E16: =COUNTIFS(TRATAMENTO!B:B,"Loja Asa Norte",TRATAMENTO!A:A,">="&B16,TRATAMENTO!A:A,"<"&EDATE(B16,1),TRATAMENTO!K:K,"NOK") -> 0 | F16: =IFERROR(D16/C16,0) -> 0 | H16: =AUXILIAR!I6 -> Sem foto produtos | I16: =COUNTIFS(TRATAMENTO!B:B,"Loja Asa Norte",TRATAMENTO!L:L,H16) -> 0 | J16: =IFERROR(I16/SUM($I$13:$I$21),0) -> 0 | L16: STATUS SANTRI
B17: 46235 | C17: =COUNTIFS(TRATAMENTO!B:B,"Loja Asa Norte",TRATAMENTO!A:A,">="&B17,TRATAMENTO!A:A,"<"&EDATE(B17,1)) -> 0 | D17: =COUNTIFS(TRATAMENTO!B:B,"Loja Asa Norte",TRATAMENTO!A:A,">="&B17,TRATAMENTO!A:A,"<"&EDATE(B17,1),TRATAMENTO!K:K,"OK") -> 0 | E17: =COUNTIFS(TRATAMENTO!B:B,"Loja Asa Norte",TRATAMENTO!A:A,">="&B17,TRATAMENTO!A:A,"<"&EDATE(B17,1),TRATAMENTO!K:K,"NOK") -> 0 | F17: =IFERROR(D17/C17,0) -> 0 | H17: =AUXILIAR!I7 -> Sem fotos e assinatura | I17: =COUNTIFS(TRATAMENTO!B:B,"Loja Asa Norte",TRATAMENTO!R:R,H17) -> 0 | J17: =IFERROR(I17/SUM($I$13:$I$21),0) -> 0 | L17: Status | M17: Qtde
B18: 46266 | C18: =COUNTIFS(TRATAMENTO!B:B,"Loja Asa Norte",TRATAMENTO!A:A,">="&B18,TRATAMENTO!A:A,"<"&EDATE(B18,1)) -> 0 | D18: =COUNTIFS(TRATAMENTO!B:B,"Loja Asa Norte",TRATAMENTO!A:A,">="&B18,TRATAMENTO!A:A,"<"&EDATE(B18,1),TRATAMENTO!K:K,"OK") -> 0 | E18: =COUNTIFS(TRATAMENTO!B:B,"Loja Asa Norte",TRATAMENTO!A:A,">="&B18,TRATAMENTO!A:A,"<"&EDATE(B18,1),TRATAMENTO!K:K,"NOK") -> 0 | F18: =IFERROR(D18/C18,0) -> 0 | H18: =AUXILIAR!I8 -> Não conferido | I18: =COUNTIFS(TRATAMENTO!B:B,"Loja Asa Norte",TRATAMENTO!R:R,H18) -> 0 | J18: =IFERROR(I18/SUM($I$13:$I$21),0) -> 0 | L18: =AUXILIAR!G2 -> Entrega Total | M18: =COUNTIFS(CONTROLE_DIARIO!B:B,"Loja Asa Norte",CONTROLE_DIARIO!E:E,L18) -> 24
B19: 46296 | C19: =COUNTIFS(TRATAMENTO!B:B,"Loja Asa Norte",TRATAMENTO!A:A,">="&B19,TRATAMENTO!A:A,"<"&EDATE(B19,1)) -> 0 | D19: =COUNTIFS(TRATAMENTO!B:B,"Loja Asa Norte",TRATAMENTO!A:A,">="&B19,TRATAMENTO!A:A,"<"&EDATE(B19,1),TRATAMENTO!K:K,"OK") -> 0 | E19: =COUNTIFS(TRATAMENTO!B:B,"Loja Asa Norte",TRATAMENTO!A:A,">="&B19,TRATAMENTO!A:A,"<"&EDATE(B19,1),TRATAMENTO!K:K,"NOK") -> 0 | F19: =IFERROR(D19/C19,0) -> 0 | H19: =AUXILIAR!I9 -> Não baixado | I19: =COUNTIFS(TRATAMENTO!B:B,"Loja Asa Norte",TRATAMENTO!R:R,H19) -> 0 | J19: =IFERROR(I19/SUM($I$13:$I$21),0) -> 0 | L19: =AUXILIAR!G3 -> Retorno Total | M19: =COUNTIFS(CONTROLE_DIARIO!B:B,"Loja Asa Norte",CONTROLE_DIARIO!E:E,L19) -> 0
B20: 46327 | C20: =COUNTIFS(TRATAMENTO!B:B,"Loja Asa Norte",TRATAMENTO!A:A,">="&B20,TRATAMENTO!A:A,"<"&EDATE(B20,1)) -> 0 | D20: =COUNTIFS(TRATAMENTO!B:B,"Loja Asa Norte",TRATAMENTO!A:A,">="&B20,TRATAMENTO!A:A,"<"&EDATE(B20,1),TRATAMENTO!K:K,"OK") -> 0 | E20: =COUNTIFS(TRATAMENTO!B:B,"Loja Asa Norte",TRATAMENTO!A:A,">="&B20,TRATAMENTO!A:A,"<"&EDATE(B20,1),TRATAMENTO!K:K,"NOK") -> 0 | F20: =IFERROR(D20/C20,0) -> 0 | H20: Fora APP | I20: =COUNTIFS(TRATAMENTO!B:B,"Loja Asa Norte",TRATAMENTO!R:R,H20) -> 24 | J20: =IFERROR(I20/SUM($I$13:$I$21),0) -> 0.72727273 | L20: =AUXILIAR!G4 -> Entrega Parcial | M20: =COUNTIFS(CONTROLE_DIARIO!B:B,"Loja Asa Norte",CONTROLE_DIARIO!E:E,L20) -> 0
B21: 46357 | C21: =COUNTIFS(TRATAMENTO!B:B,"Loja Asa Norte",TRATAMENTO!A:A,">="&B21,TRATAMENTO!A:A,"<"&EDATE(B21,1)) -> 0 | D21: =COUNTIFS(TRATAMENTO!B:B,"Loja Asa Norte",TRATAMENTO!A:A,">="&B21,TRATAMENTO!A:A,"<"&EDATE(B21,1),TRATAMENTO!K:K,"OK") -> 0 | E21: =COUNTIFS(TRATAMENTO!B:B,"Loja Asa Norte",TRATAMENTO!A:A,">="&B21,TRATAMENTO!A:A,"<"&EDATE(B21,1),TRATAMENTO!K:K,"NOK") -> 0 | F21: =IFERROR(D21/C21,0) -> 0 | H21: =AUXILIAR!I10 -> Manifesto cancelado | I21: =COUNTIFS(TRATAMENTO!B:B,"Loja Asa Norte",TRATAMENTO!R:R,H21) -> 9 | J21: =IFERROR(I21/SUM($I$13:$I$21),0) -> 0.27272727 | L21: =AUXILIAR!G5 -> Aberto | M21: =COUNTIFS(CONTROLE_DIARIO!B:B,"Loja Asa Norte",CONTROLE_DIARIO!E:E,L21) -> 0
H22: =AUXILIAR!I11 -> Outro | I22: =COUNTIFS(TRATAMENTO!B:B,"Loja Asa Norte",TRATAMENTO!R:R,H22) -> 0 | J22: =IFERROR(I22/SUM($I$13:$I$21),0) -> 0 | L22: =AUXILIAR!G6 -> Devolução Avaria | M22: =COUNTIFS(CONTROLE_DIARIO!B:B,"Loja Asa Norte",CONTROLE_DIARIO!E:E,L22) -> 0
B23: RANKING POR MOTORISTA | L23: =AUXILIAR!G7 -> Cancelado | M23: =COUNTIFS(CONTROLE_DIARIO!B:B,"Loja Asa Norte",CONTROLE_DIARIO!E:E,L23) -> 9
B24: Motorista | C24: Auditorias | D24: OK | E24: NOK | F24: TCPE | R24: Legenda:
B25: =AUXILIAR!E4 -> J. Alessandro | C25: =COUNTIF(TRATAMENTO!B:B,"Loja Asa Norte") -> 33 | D25: =COUNTIFS(TRATAMENTO!B:B,"Loja Asa Norte",TRATAMENTO!K:K,"OK") -> 0 | E25: =COUNTIFS(TRATAMENTO!B:B,"Loja Asa Norte",TRATAMENTO!K:K,"NOK") -> 33 | F25: =IFERROR(D25/C25,0) -> 0 | R25: *TCPE = Taxa de Conformidade do Processo de Entrega

Sheet DASHBOARD VAL
B2: DASHBOARD VALPARAISO — MANIFESTO ELETRÔNICO SANTRI | Q2: GRÁFICOS DASHBOARD — MANIFESTO ELETRÔNICO SANTRI
B4: Visão executiva + operacional: lojas, motoristas, evidências, assinatura do motorista e baixa.
B5: Taxa de Conformidade do Processo de Entrega (OK) | D5: Índice de Saúde Operacional | F5: % Assinatura Motorista | H5: % Evidência | J5: % Baixado | L5: Taxa de Conformidade do Processo de Entrega (% NOK) | N5: Total Auditado
B6: =IFERROR(COUNTIFS(TRATAMENTO!B:B,"Loja Valparaiso",TRATAMENTO!K:K,"OK")/(COUNTIFS(TRATAMENTO!B:B,"Loja Valparaiso",TRATAMENTO!K:K,"OK")+COUNTIFS(TRATAMENTO!B:B,"Loja Valparaiso",TRATAMENTO!K:K,"NOK")),0) -> 0.75609756 | C6: 0 | D6: =IFERROR(SUMIFS(TRATAMENTO!V5:V500,TRATAMENTO!B5:B500,"Loja Valparaiso",TRATAMENTO!V5:V500,">0")/COUNTIFS(TRATAMENTO!B5:B500,"Loja Valparaiso",TRATAMENTO!V5:V500,">0"),0) -> 0.85641026 | E6: 0 | F6: =IFERROR(COUNTIFS(CONTROLE_DIARIO!B6:B500,"Loja Valparaiso",CONTROLE_DIARIO!F6:F500,"SIM")/(COUNTIFS(CONTROLE_DIARIO!B6:B500,"Loja Valparaiso",CONTROLE_DIARIO!F6:F500,"SIM")+COUNTIFS(CONTROLE_DIARIO!B6:B500,"Loja Valparaiso",CONTROLE_DIARIO!F6:F500,"NÃO")),0) -> 0.79487179 | G6: 0 | H6: =IFERROR(COUNTIFS(CONTROLE_DIARIO!B6:B500,"Loja Valparaiso",CONTROLE_DIARIO!J6:J500,"SIM")/(COUNTIFS(CONTROLE_DIARIO!B6:B500,"Loja Valparaiso",CONTROLE_DIARIO!J6:J500,"SIM")+COUNTIFS(CONTROLE_DIARIO!B6:B500,"Loja Valparaiso",CONTROLE_DIARIO!J6:J500,"NÃO")),0) -> 0.79487179 | I6: 0 | J6: =IFERROR(COUNTIFS(CONTROLE_DIARIO!B6:B500,"Loja Valparaiso",CONTROLE_DIARIO!I6:I500,"SIM")/(COUNTIFS(CONTROLE_DIARIO!B6:B500,"Loja Valparaiso",CONTROLE_DIARIO!I6:I500,"SIM")+COUNTIFS(CONTROLE_DIARIO!B6:B500,"Loja Valparaiso",CONTROLE_DIARIO!I6:I500,"NÃO")),0) -> 1 | K6: 0 | L6: =IFERROR(COUNTIFS(TRATAMENTO!B:B,"Loja Valparaiso",TRATAMENTO!K:K,"NOK")/(COUNTIFS(TRATAMENTO!B:B,"Loja Valparaiso",TRATAMENTO!K:K,"OK")+COUNTIFS(TRATAMENTO!B:B,"Loja Valparaiso",TRATAMENTO!K:K,"NOK")),0) -> 0.24390244 | M6: 0 | N6: =COUNTIF(CONTROLE_DIARIO!B:B,"Loja Valparaiso") -> 41 | O6: 0
B7: 0.75609756 | C7: 0 | D7: 0.85641026 | E7: 0 | F7: 0.79487179 | G7: 0 | H7: 0.79487179 | I7: 0 | J7: 1 | K7: 0 | L7: 0.24390244 | M7: 0 | N7: 41 | O7: 0
B9: Meta: ≥95% OK | Atenção: 85% a 94,9% | Crítico: abaixo de 85%
B11: EVOLUÇÃO MENSAL | H11: FALHAS IDENTIFICADAS | L11: PEDIDOS 100% OK (SEM NENHUMA FALHA)
B12: Mês | C12: Total | D12: OK | E12: NOK | F12: TCPE | H12: Erro | I12: Qtde | J12: % | L12: Status | M12: Qtde | N12: %
B13: 46113 | C13: =COUNTIFS(TRATAMENTO!B:B,"Loja Valparaiso",TRATAMENTO!A:A,">="&B13,TRATAMENTO!A:A,"<"&EDATE(B13,1)) -> 0 | D13: =COUNTIFS(TRATAMENTO!B:B,"Loja Valparaiso",TRATAMENTO!A:A,">="&B13,TRATAMENTO!A:A,"<"&EDATE(B13,1),TRATAMENTO!K:K,"OK") -> 0 | E13: =COUNTIFS(TRATAMENTO!B:B,"Loja Valparaiso",TRATAMENTO!A:A,">="&B13,TRATAMENTO!A:A,"<"&EDATE(B13,1),TRATAMENTO!K:K,"NOK") -> 0 | F13: =IFERROR(D13/C13,0) -> 0 | H13: =AUXILIAR!I3 -> Sem assinatura | I13: =COUNTIFS(TRATAMENTO!B:B,"Loja Valparaiso",TRATAMENTO!R:R,H13) -> 0 | J13: =IFERROR(I13/SUM($I$13:$I$21),0) -> 0 | L13: OK | M13: =COUNTIFS(TRATAMENTO!B:B,"Loja Valparaiso",TRATAMENTO!K:K,"OK") -> 31 | N13: =IFERROR(M13/(M13+M14),0) -> 0.75609756
B14: 46143 | C14: =COUNTIFS(TRATAMENTO!B:B,"Loja Valparaiso",TRATAMENTO!A:A,">="&B14,TRATAMENTO!A:A,"<"&EDATE(B14,1)) -> 41 | D14: =COUNTIFS(TRATAMENTO!B:B,"Loja Valparaiso",TRATAMENTO!A:A,">="&B14,TRATAMENTO!A:A,"<"&EDATE(B14,1),TRATAMENTO!K:K,"OK") -> 31 | E14: =COUNTIFS(TRATAMENTO!B:B,"Loja Valparaiso",TRATAMENTO!A:A,">="&B14,TRATAMENTO!A:A,"<"&EDATE(B14,1),TRATAMENTO!K:K,"NOK") -> 10 | F14: =IFERROR(D14/C14,0) -> 0.75609756 | H14: =AUXILIAR!I4 -> Sem nenhuma foto | I14: =COUNTIFS(TRATAMENTO!B:B,"Loja Valparaiso",TRATAMENTO!L:L,H14) -> 0 | J14: =IFERROR(I14/SUM($I$13:$I$21),0) -> 0 | L14: NOK | M14: =COUNTIFS(TRATAMENTO!B:B,"Loja Valparaiso",TRATAMENTO!K:K,"NOK") -> 10 | N14: =IFERROR(M14/(M13+M14),0) -> 0.24390244
B15: 46174 | C15: =COUNTIFS(TRATAMENTO!B:B,"Loja Valparaiso",TRATAMENTO!A:A,">="&B15,TRATAMENTO!A:A,"<"&EDATE(B15,1)) -> 0 | D15: =COUNTIFS(TRATAMENTO!B:B,"Loja Valparaiso",TRATAMENTO!A:A,">="&B15,TRATAMENTO!A:A,"<"&EDATE(B15,1),TRATAMENTO!K:K,"OK") -> 0 | E15: =COUNTIFS(TRATAMENTO!B:B,"Loja Valparaiso",TRATAMENTO!A:A,">="&B15,TRATAMENTO!A:A,"<"&EDATE(B15,1),TRATAMENTO!K:K,"NOK") -> 0 | F15: =IFERROR(D15/C15,0) -> 0 | H15: =AUXILIAR!I5 -> Sem foto fachada | I15: =COUNTIFS(TRATAMENTO!B:B,"Loja Valparaiso",TRATAMENTO!L:L,H15) -> 31 | J15: =IFERROR(I15/SUM($I$13:$I$21),0) -> 0.75609756
B16: 46204 | C16: =COUNTIFS(TRATAMENTO!B:B,"Loja Valparaiso",TRATAMENTO!A:A,">="&B16,TRATAMENTO!A:A,"<"&EDATE(B16,1)) -> 0 | D16: =COUNTIFS(TRATAMENTO!B:B,"Loja Valparaiso",TRATAMENTO!A:A,">="&B16,TRATAMENTO!A:A,"<"&EDATE(B16,1),TRATAMENTO!K:K,"OK") -> 0 | E16: =COUNTIFS(TRATAMENTO!B:B,"Loja Valparaiso",TRATAMENTO!A:A,">="&B16,TRATAMENTO!A:A,"<"&EDATE(B16,1),TRATAMENTO!K:K,"NOK") -> 0 | F16: =IFERROR(D16/C16,0) -> 0 | H16: =AUXILIAR!I6 -> Sem foto produtos | I16: =COUNTIFS(TRATAMENTO!B:B,"Loja Valparaiso",TRATAMENTO!L:L,H16) -> 0 | J16: =IFERROR(I16/SUM($I$13:$I$21),0) -> 0 | L16: STATUS SANTRI
B17: 46235 | C17: =COUNTIFS(TRATAMENTO!B:B,"Loja Valparaiso",TRATAMENTO!A:A,">="&B17,TRATAMENTO!A:A,"<"&EDATE(B17,1)) -> 0 | D17: =COUNTIFS(TRATAMENTO!B:B,"Loja Valparaiso",TRATAMENTO!A:A,">="&B17,TRATAMENTO!A:A,"<"&EDATE(B17,1),TRATAMENTO!K:K,"OK") -> 0 | E17: =COUNTIFS(TRATAMENTO!B:B,"Loja Valparaiso",TRATAMENTO!A:A,">="&B17,TRATAMENTO!A:A,"<"&EDATE(B17,1),TRATAMENTO!K:K,"NOK") -> 0 | F17: =IFERROR(D17/C17,0) -> 0 | H17: =AUXILIAR!I7 -> Sem fotos e assinatura | I17: =COUNTIFS(TRATAMENTO!B:B,"Loja Valparaiso",TRATAMENTO!R:R,H17) -> 0 | J17: =IFERROR(I17/SUM($I$13:$I$21),0) -> 0 | L17: Status | M17: Qtde
B18: 46266 | C18: =COUNTIFS(TRATAMENTO!B:B,"Loja Valparaiso",TRATAMENTO!A:A,">="&B18,TRATAMENTO!A:A,"<"&EDATE(B18,1)) -> 0 | D18: =COUNTIFS(TRATAMENTO!B:B,"Loja Valparaiso",TRATAMENTO!A:A,">="&B18,TRATAMENTO!A:A,"<"&EDATE(B18,1),TRATAMENTO!K:K,"OK") -> 0 | E18: =COUNTIFS(TRATAMENTO!B:B,"Loja Valparaiso",TRATAMENTO!A:A,">="&B18,TRATAMENTO!A:A,"<"&EDATE(B18,1),TRATAMENTO!K:K,"NOK") -> 0 | F18: =IFERROR(D18/C18,0) -> 0 | H18: =AUXILIAR!I8 -> Não conferido | I18: =COUNTIFS(TRATAMENTO!B:B,"Loja Valparaiso",TRATAMENTO!R:R,H18) -> 0 | J18: =IFERROR(I18/SUM($I$13:$I$21),0) -> 0 | L18: =AUXILIAR!G2 -> Entrega Total | M18: =COUNTIFS(CONTROLE_DIARIO!B:B,"Loja Valparaiso",CONTROLE_DIARIO!E:E,L18) -> 39
B19: 46296 | C19: =COUNTIFS(TRATAMENTO!B:B,"Loja Valparaiso",TRATAMENTO!A:A,">="&B19,TRATAMENTO!A:A,"<"&EDATE(B19,1)) -> 0 | D19: =COUNTIFS(TRATAMENTO!B:B,"Loja Valparaiso",TRATAMENTO!A:A,">="&B19,TRATAMENTO!A:A,"<"&EDATE(B19,1),TRATAMENTO!K:K,"OK") -> 0 | E19: =COUNTIFS(TRATAMENTO!B:B,"Loja Valparaiso",TRATAMENTO!A:A,">="&B19,TRATAMENTO!A:A,"<"&EDATE(B19,1),TRATAMENTO!K:K,"NOK") -> 0 | F19: =IFERROR(D19/C19,0) -> 0 | H19: =AUXILIAR!I9 -> Não baixado | I19: =COUNTIFS(TRATAMENTO!B:B,"Loja Valparaiso",TRATAMENTO!R:R,H19) -> 0 | J19: =IFERROR(I19/SUM($I$13:$I$21),0) -> 0 | L19: =AUXILIAR!G3 -> Retorno Total | M19: =COUNTIFS(CONTROLE_DIARIO!B:B,"Loja Valparaiso",CONTROLE_DIARIO!E:E,L19) -> 0
B20: 46327 | C20: =COUNTIFS(TRATAMENTO!B:B,"Loja Valparaiso",TRATAMENTO!A:A,">="&B20,TRATAMENTO!A:A,"<"&EDATE(B20,1)) -> 0 | D20: =COUNTIFS(TRATAMENTO!B:B,"Loja Valparaiso",TRATAMENTO!A:A,">="&B20,TRATAMENTO!A:A,"<"&EDATE(B20,1),TRATAMENTO!K:K,"OK") -> 0 | E20: =COUNTIFS(TRATAMENTO!B:B,"Loja Valparaiso",TRATAMENTO!A:A,">="&B20,TRATAMENTO!A:A,"<"&EDATE(B20,1),TRATAMENTO!K:K,"NOK") -> 0 | F20: =IFERROR(D20/C20,0) -> 0 | H20: Fora APP | I20: =COUNTIFS(TRATAMENTO!B:B,"Loja Valparaiso",TRATAMENTO!R:R,H20) -> 8 | J20: =IFERROR(I20/SUM($I$13:$I$21),0) -> 0.19512195 | L20: =AUXILIAR!G4 -> Entrega Parcial | M20: =COUNTIFS(CONTROLE_DIARIO!B:B,"Loja Valparaiso",CONTROLE_DIARIO!E:E,L20) -> 0
B21: 46357 | C21: =COUNTIFS(TRATAMENTO!B:B,"Loja Valparaiso",TRATAMENTO!A:A,">="&B21,TRATAMENTO!A:A,"<"&EDATE(B21,1)) -> 0 | D21: =COUNTIFS(TRATAMENTO!B:B,"Loja Valparaiso",TRATAMENTO!A:A,">="&B21,TRATAMENTO!A:A,"<"&EDATE(B21,1),TRATAMENTO!K:K,"OK") -> 0 | E21: =COUNTIFS(TRATAMENTO!B:B,"Loja Valparaiso",TRATAMENTO!A:A,">="&B21,TRATAMENTO!A:A,"<"&EDATE(B21,1),TRATAMENTO!K:K,"NOK") -> 0 | F21: =IFERROR(D21/C21,0) -> 0 | H21: =AUXILIAR!I10 -> Manifesto cancelado | I21: =COUNTIFS(TRATAMENTO!B:B,"Loja Valparaiso",TRATAMENTO!R:R,H21) -> 2 | J21: =IFERROR(I21/SUM($I$13:$I$21),0) -> 0.048780488 | L21: =AUXILIAR!G5 -> Aberto | M21: =COUNTIFS(CONTROLE_DIARIO!B:B,"Loja Valparaiso",CONTROLE_DIARIO!E:E,L21) -> 0
H22: =AUXILIAR!I11 -> Outro | I22: =COUNTIFS(TRATAMENTO!B:B,"Loja Valparaiso",TRATAMENTO!R:R,H22) -> 0 | J22: =IFERROR(I22/SUM($I$13:$I$21),0) -> 0 | L22: =AUXILIAR!G6 -> Devolução Avaria | M22: =COUNTIFS(CONTROLE_DIARIO!B:B,"Loja Valparaiso",CONTROLE_DIARIO!E:E,L22) -> 0
B23: RANKING POR MOTORISTA | L23: =AUXILIAR!G7 -> Cancelado | M23: =COUNTIFS(CONTROLE_DIARIO!B:B,"Loja Valparaiso",CONTROLE_DIARIO!E:E,L23) -> 2
B24: Motorista | C24: Auditorias | D24: OK | E24: NOK | F24: TCPE | R24: Legenda:
B25: =AUXILIAR!E5 -> Wederson C. | C25: =COUNTIFS(TRATAMENTO!B:B,"Loja Valparaiso",TRATAMENTO!D:D,B25) -> 40 | D25: =COUNTIFS(TRATAMENTO!B:B,"Loja Valparaiso",TRATAMENTO!D:D,B25,TRATAMENTO!K:K,"OK") -> 31 | E25: =COUNTIFS(TRATAMENTO!B:B,"Loja Valparaiso",TRATAMENTO!D:D,B25,TRATAMENTO!K:K,"NOK") -> 9 | F25: =IFERROR(D25/C25,0) -> 0.775 | R25: *TCPE = Taxa de Conformidade do Processo de Entrega

Sheet GERENTES
B2: PAINEL PARA ESCALAR AOS GERENTES
B4: Use esta aba quando os gerentes começarem a auditar: mede volume, qualidade, falhas e atuação.
B6: Gerente | C6: Auditorias | D6: OK | E6: NOK | F6: TCPE | G6: Não conferido | H6: Não baixado | I6: Sem foto | J6: Sem assinatura | K6: Sem foto e assinatura | L6: Manifestos cancelados | M6: Fora APP | N6: Ação Recomendada
B7: =AUXILIAR!K2 -> Cinthya | C7: =COUNTIF(TRATAMENTO!O:O,B7) -> 44 | D7: =COUNTIFS(TRATAMENTO!O:O,B7,TRATAMENTO!K:K,"OK") -> 31 | E7: =COUNTIFS(TRATAMENTO!O:O,B7,TRATAMENTO!K:K,"NOK") -> 13 | F7: =IFERROR(D7/C7,0) -> 0.70454545 | G7: =COUNTIFS(TRATAMENTO!O:O,B7,TRATAMENTO!R:R,"Não conferido") -> 0 | H7: =COUNTIFS(TRATAMENTO!O:O,B7,TRATAMENTO!R:R,"Não baixado") -> 0 | I7: =COUNTIFS(TRATAMENTO!O:O,B7,TRATAMENTO!R:R,"Sem foto") -> 1 | J7: =COUNTIFS(TRATAMENTO!O:O,B7,TRATAMENTO!R:R,"Sem assinatura") -> 0 | K7: =COUNTIFS(TRATAMENTO!O:O,B7,TRATAMENTO!R:R,"Sem foto e assinatura") -> 0 | L7: =COUNTIFS(TRATAMENTO!O:O,B7,TRATAMENTO!R:R,"Manifesto cancelado") -> 1 | M7: =COUNTIFS(TRATAMENTO!O:O,B7,TRATAMENTO!R:R,"FORA APP") -> 3 | N7: =IF(F7<0.85,"Plano de ação imediato",IF(F7<0.95,"Acompanhar diariamente","Manter padrão")) -> Plano de ação imediato
B8: =AUXILIAR!K3 -> Danilo | C8: =COUNTIF(TRATAMENTO!O:O,B8) -> 38 | D8: =COUNTIFS(TRATAMENTO!O:O,B8,TRATAMENTO!K:K,"OK") -> 25 | E8: =COUNTIFS(TRATAMENTO!O:O,B8,TRATAMENTO!K:K,"NOK") -> 13 | F8: =IFERROR(D8/C8,0) -> 0.65789474 | G8: =COUNTIFS(TRATAMENTO!O:O,B8,TRATAMENTO!R:R,"Não conferido") -> 0 | H8: =COUNTIFS(TRATAMENTO!O:O,B8,TRATAMENTO!R:R,"Não baixado") -> 0 | I8: =COUNTIFS(TRATAMENTO!O:O,B8,TRATAMENTO!R:R,"Sem foto") -> 0 | J8: =COUNTIFS(TRATAMENTO!O:O,B8,TRATAMENTO!R:R,"Sem assinatura") -> 2 | K8: =COUNTIFS(TRATAMENTO!O:O,B8,TRATAMENTO!R:R,"Sem foto e assinatura") -> 0 | L8: =COUNTIFS(TRATAMENTO!O:O,B8,TRATAMENTO!R:R,"Manifesto cancelado") -> 1 | M8: =COUNTIFS(TRATAMENTO!O:O,B8,TRATAMENTO!R:R,"FORA APP") -> 2 | N8: =IF(F8<0.85,"Plano de ação imediato",IF(F8<0.95,"Acompanhar diariamente","Manter padrão")) -> Plano de ação imediato
B9: =AUXILIAR!K4 -> Neudo | C9: =COUNTIF(TRATAMENTO!O:O,B9) -> 33 | D9: =COUNTIFS(TRATAMENTO!O:O,B9,TRATAMENTO!K:K,"OK") -> 0 | E9: =COUNTIFS(TRATAMENTO!O:O,B9,TRATAMENTO!K:K,"NOK") -> 33 | F9: =IFERROR(D9/C9,0) -> 0 | G9: =COUNTIFS(TRATAMENTO!O:O,B9,TRATAMENTO!R:R,"Não conferido") -> 0 | H9: =COUNTIFS(TRATAMENTO!O:O,B9,TRATAMENTO!R:R,"Não baixado") -> 0 | I9: =COUNTIFS(TRATAMENTO!O:O,B9,TRATAMENTO!R:R,"Sem foto") -> 0 | J9: =COUNTIFS(TRATAMENTO!O:O,B9,TRATAMENTO!R:R,"Sem assinatura") -> 0 | K9: =COUNTIFS(TRATAMENTO!O:O,B9,TRATAMENTO!R:R,"Sem foto e assinatura") -> 0 | L9: =COUNTIFS(TRATAMENTO!O:O,B9,TRATAMENTO!R:R,"Manifesto cancelado") -> 9 | M9: =COUNTIFS(TRATAMENTO!O:O,B9,TRATAMENTO!R:R,"FORA APP") -> 24 | N9: =IF(F9<0.85,"Plano de ação imediato",IF(F9<0.95,"Acompanhar diariamente","Manter padrão")) -> Plano de ação imediato
B10: =AUXILIAR!K5 -> Natália | C10: =COUNTIF(TRATAMENTO!O:O,B10) -> 3 | D10: =COUNTIFS(TRATAMENTO!O:O,B10,TRATAMENTO!K:K,"OK") -> 0 | E10: =COUNTIFS(TRATAMENTO!O:O,B10,TRATAMENTO!K:K,"NOK") -> 3 | F10: =IFERROR(D10/C10,0) -> 0 | G10: =COUNTIFS(TRATAMENTO!O:O,B10,TRATAMENTO!R:R,"Não conferido") -> 0 | H10: =COUNTIFS(TRATAMENTO!O:O,B10,TRATAMENTO!R:R,"Não baixado") -> 0 | I10: =COUNTIFS(TRATAMENTO!O:O,B10,TRATAMENTO!R:R,"Sem foto") -> 0 | J10: =COUNTIFS(TRATAMENTO!O:O,B10,TRATAMENTO!R:R,"Sem assinatura") -> 0 | K10: =COUNTIFS(TRATAMENTO!O:O,B10,TRATAMENTO!R:R,"Sem foto e assinatura") -> 0 | L10: =COUNTIFS(TRATAMENTO!O:O,B10,TRATAMENTO!R:R,"Manifesto cancelado") -> 0 | M10: =COUNTIFS(TRATAMENTO!O:O,B10,TRATAMENTO!R:R,"FORA APP") -> 3 | N10: =IF(F10<0.85,"Plano de ação imediato",IF(F10<0.95,"Acompanhar diariamente","Manter padrão")) -> Plano de ação imediato
B11: =AUXILIAR!K6 -> Luciano | C11: =COUNTIF(TRATAMENTO!O:O,B11) -> 0 | D11: =COUNTIFS(TRATAMENTO!O:O,B11,TRATAMENTO!K:K,"OK") -> 0 | E11: =COUNTIFS(TRATAMENTO!O:O,B11,TRATAMENTO!K:K,"NOK") -> 0 | F11: =IFERROR(D11/C11,0) -> 0 | G11: =COUNTIFS(TRATAMENTO!O:O,B11,TRATAMENTO!R:R,"Não conferido") -> 0 | H11: =COUNTIFS(TRATAMENTO!O:O,B11,TRATAMENTO!R:R,"Não baixado") -> 0 | I11: =COUNTIFS(TRATAMENTO!O:O,B11,TRATAMENTO!R:R,"Sem foto") -> 0 | J11: =COUNTIFS(TRATAMENTO!O:O,B11,TRATAMENTO!R:R,"Sem assinatura") -> 0 | K11: =COUNTIFS(TRATAMENTO!O:O,B11,TRATAMENTO!R:R,"Sem foto e assinatura") -> 0 | L11: =COUNTIFS(TRATAMENTO!O:O,B11,TRATAMENTO!R:R,"Manifesto cancelado") -> 0 | M11: =COUNTIFS(TRATAMENTO!O:O,B11,TRATAMENTO!R:R,"FORA APP") -> 0 | N11: =IF(F11<0.85,"Plano de ação imediato",IF(F11<0.95,"Acompanhar diariamente","Manter padrão")) -> Plano de ação imediato
B12: =AUXILIAR!K7 -> Cleonice | C12: =COUNTIF(TRATAMENTO!O:O,B12) -> 41 | D12: =COUNTIFS(TRATAMENTO!O:O,B12,TRATAMENTO!K:K,"OK") -> 31 | E12: =COUNTIFS(TRATAMENTO!O:O,B12,TRATAMENTO!K:K,"NOK") -> 10 | F12: =IFERROR(D12/C12,0) -> 0.75609756 | G12: =COUNTIFS(TRATAMENTO!O:O,B12,TRATAMENTO!R:R,"Não conferido") -> 0 | H12: =COUNTIFS(TRATAMENTO!O:O,B12,TRATAMENTO!R:R,"Não baixado") -> 0 | I12: =COUNTIFS(TRATAMENTO!O:O,B12,TRATAMENTO!R:R,"Sem foto") -> 0 | J12: =COUNTIFS(TRATAMENTO!O:O,B12,TRATAMENTO!R:R,"Sem assinatura") -> 0 | K12: =COUNTIFS(TRATAMENTO!O:O,B12,TRATAMENTO!R:R,"Sem foto e assinatura") -> 0 | L12: =COUNTIFS(TRATAMENTO!O:O,B12,TRATAMENTO!R:R,"Manifesto cancelado") -> 2 | M12: =COUNTIFS(TRATAMENTO!O:O,B12,TRATAMENTO!R:R,"FORA APP") -> 8 | N12: =IF(F12<0.85,"Plano de ação imediato",IF(F12<0.95,"Acompanhar diariamente","Manter padrão")) -> Plano de ação imediato
B13: =AUXILIAR!K8 -> Sérgio | C13: =COUNTIF(TRATAMENTO!O:O,B13) -> 0 | D13: =COUNTIFS(TRATAMENTO!O:O,B13,TRATAMENTO!K:K,"OK") -> 0 | E13: =COUNTIFS(TRATAMENTO!O:O,B13,TRATAMENTO!K:K,"NOK") -> 0 | F13: =IFERROR(D13/C13,0) -> 0 | G13: =COUNTIFS(TRATAMENTO!O:O,B13,TRATAMENTO!R:R,"Não conferido") -> 0 | H13: =COUNTIFS(TRATAMENTO!O:O,B13,TRATAMENTO!R:R,"Não baixado") -> 0 | I13: =COUNTIFS(TRATAMENTO!O:O,B13,TRATAMENTO!R:R,"Sem foto") -> 0 | J13: =COUNTIFS(TRATAMENTO!O:O,B13,TRATAMENTO!R:R,"Sem assinatura") -> 0 | K13: =COUNTIFS(TRATAMENTO!O:O,B13,TRATAMENTO!R:R,"Sem foto e assinatura") -> 0 | L13: =COUNTIFS(TRATAMENTO!O:O,B13,TRATAMENTO!R:R,"Manifesto cancelado") -> 0 | M13: =COUNTIFS(TRATAMENTO!O:O,B13,TRATAMENTO!R:R,"FORA APP") -> 0 | N13: =IF(F13<0.85,"Plano de ação imediato",IF(F13<0.95,"Acompanhar diariamente","Manter padrão")) -> Plano de ação imediato
J28: Legenda:
J29: * TCPE = Taxa de Conformidade do Processo de Entrega

Sheet CONTROLE_DIARIO
A1: CONTROLE DIÁRIO — AUDITORIA SANTRI
A3: Preenchimento rápido: validar MANIFESTOS para assinatura do motorista e ENTREGAS para foto + assinatura do cliente.
A5: Data Auditoria | B5: Loja | C5: Nº Manifesto | D5: Motorista | E5: Status SANTRI | F5: Assinatura Motorista? | G5: Foto Entrega? | H5: Assinatura Cliente? | I5: Baixado? | J5: Evidência Completa | K5: OK/NOK | L5: Erro Padrão | M5: Observação | N5: Auditado por | O5: Gerente Resp. | P5: Chave | R5: GUIA RÁPIDO
A6: 46141 | B6: Loja ADE | C6: 3895 | D6: João Lucas | E6: Entrega Total | F6: SIM | G6: SIM | H6: SIM | I6: SIM | J6: =IF(C6="","",IF(E6="Retorno Total"," ",IF(E6="Cancelado"," ",IF(AND(G6="SIM",H6="SIM"),"SIM","NÃO")))) -> SIM | K6: =IF(C6="","",IF(AND(F6="SIM",I6="SIM",J6="SIM"),"OK","NOK")) -> OK | L6: OK | N6: Qualidade | O6: =IF(B6="","",IFERROR(IF(VLOOKUP(B6,AUXILIAR!$O$2:$P$50,2,FALSE)="","CADASTRAR GERENTE",VLOOKUP(B6,AUXILIAR!$O$2:$P$50,2,FALSE)),"CADASTRAR GERENTE")) -> Danilo | P6: =IF(C6="","",TEXT(A6,"yyyymmdd")&"-"&B6&"-"&C6) -> yyyy0429-Loja ADE-3895 | R6: 1. Abra MANIFESTOS no SANTRI.
A7: 46141 | B7: Loja ADE | C7: 3896 | D7: João Lucas | E7: Entrega Total | F7: SIM | G7: SIM | H7: SIM | I7: SIM | J7: =IF(C7="","",IF(E7="Retorno Total"," ",IF(E7="Cancelado"," ",IF(AND(G7="SIM",H7="SIM"),"SIM","NÃO")))) -> SIM | K7: =IF(C7="","",IF(AND(F7="SIM",I7="SIM",J7="SIM"),"OK","NOK")) -> OK | L7: OK | N7: Qualidade | O7: =IF(B7="","",IFERROR(IF(VLOOKUP(B7,AUXILIAR!$O$2:$P$50,2,FALSE)="","CADASTRAR GERENTE",VLOOKUP(B7,AUXILIAR!$O$2:$P$50,2,FALSE)),"CADASTRAR GERENTE")) -> Danilo | P7: =IF(C7="","",TEXT(A7,"yyyymmdd")&"-"&B7&"-"&C7) -> yyyy0429-Loja ADE-3896 | R7: 2. Verifique assinatura do motorista.
A8: 46141 | B8: Loja ADE | C8: 3897 | D8: João Lucas | E8: Entrega Total | F8: SIM | G8: SIM | H8: NÃO | I8: SIM | J8: =IF(C8="","",IF(E8="Retorno Total"," ",IF(E8="Cancelado"," ",IF(AND(G8="SIM",H8="SIM"),"SIM","NÃO")))) -> NÃO | K8: =IF(C8="","",IF(AND(F8="SIM",I8="SIM",J8="SIM"),"OK","NOK")) -> NOK | L8: Sem assinatura | N8: Qualidade | O8: =IF(B8="","",IFERROR(IF(VLOOKUP(B8,AUXILIAR!$O$2:$P$50,2,FALSE)="","CADASTRAR GERENTE",VLOOKUP(B8,AUXILIAR!$O$2:$P$50,2,FALSE)),"CADASTRAR GERENTE")) -> Danilo | P8: =IF(C8="","",TEXT(A8,"yyyymmdd")&"-"&B8&"-"&C8) -> yyyy0429-Loja ADE-3897 | R8: 3. Abra ENTREGAS > Fotos.
A9: 46141 | B9: Loja ADE | C9: 3901 | D9: João Lucas | E9: Entrega Total | F9: SIM | G9: SIM | H9: SIM | I9: SIM | J9: =IF(C9="","",IF(E9="Retorno Total"," ",IF(E9="Cancelado"," ",IF(AND(G9="SIM",H9="SIM"),"SIM","NÃO")))) -> SIM | K9: =IF(C9="","",IF(AND(F9="SIM",I9="SIM",J9="SIM"),"OK","NOK")) -> OK | L9: OK | N9: Qualidade | O9: =IF(B9="","",IFERROR(IF(VLOOKUP(B9,AUXILIAR!$O$2:$P$50,2,FALSE)="","CADASTRAR GERENTE",VLOOKUP(B9,AUXILIAR!$O$2:$P$50,2,FALSE)),"CADASTRAR GERENTE")) -> Danilo | P9: =IF(C9="","",TEXT(A9,"yyyymmdd")&"-"&B9&"-"&C9) -> yyyy0429-Loja ADE-3901 | R9: 4. Valide foto e assinatura do cliente.
A10: 46149 | B10: Loja Pistão | C10: 3902 | D10: João Lucas | E10: Entrega Total | F10: SIM | G10: SIM | H10: SIM | I10: SIM | J10: =IF(C10="","",IF(E10="Retorno Total"," ",IF(E10="Cancelado"," ",IF(AND(G10="SIM",H10="SIM"),"SIM","NÃO")))) -> SIM | K10: =IF(C10="","",IF(AND(F10="SIM",I10="SIM",J10="SIM"),"OK","NOK")) -> OK | L10: OK | N10: Qualidade | O10: =IF(B10="","",IFERROR(IF(VLOOKUP(B10,AUXILIAR!$O$2:$P$50,2,FALSE)="","CADASTRAR GERENTE",VLOOKUP(B10,AUXILIAR!$O$2:$P$50,2,FALSE)),"CADASTRAR GERENTE")) -> Cinthya | P10: =IF(C10="","",TEXT(A10,"yyyymmdd")&"-"&B10&"-"&C10) -> yyyy0507-Loja Pistão-3902 | R10: 5. Marque SIM/NÃO e o dashboard atualiza.
A11: 46149 | B11: Loja Pistão | C11: 3903 | D11: João Lucas | E11: Cancelado | J11: =IF(C11="","",IF(E11="Retorno Total"," ",IF(E11="Cancelado"," ",IF(AND(G11="SIM",H11="SIM"),"SIM","NÃO")))) | K11: =IF(C11="","",IF(AND(F11="SIM",I11="SIM",J11="SIM"),"OK","NOK")) -> NOK | L11: Manifesto cancelado | N11: Qualidade | O11: =IF(B11="","",IFERROR(IF(VLOOKUP(B11,AUXILIAR!$O$2:$P$50,2,FALSE)="","CADASTRAR GERENTE",VLOOKUP(B11,AUXILIAR!$O$2:$P$50,2,FALSE)),"CADASTRAR GERENTE")) -> Cinthya | P11: =IF(C11="","",TEXT(A11,"yyyymmdd")&"-"&B11&"-"&C11) -> yyyy0507-Loja Pistão-3903
A12: 46141 | B12: Loja ADE | C12: 3904 | D12: João Lucas | E12: Entrega Total | F12: SIM | G12: SIM | H12: SIM | I12: SIM | J12: =IF(C12="","",IF(E12="Retorno Total"," ",IF(E12="Cancelado"," ",IF(AND(G12="SIM",H12="SIM"),"SIM","NÃO")))) -> SIM | K12: =IF(C12="","",IF(AND(F12="SIM",I12="SIM",J12="SIM"),"OK","NOK")) -> OK | L12: Sem foto fachada | N12: Qualidade | O12: =IF(B12="","",IFERROR(IF(VLOOKUP(B12,AUXILIAR!$O$2:$P$50,2,FALSE)="","CADASTRAR GERENTE",VLOOKUP(B12,AUXILIAR!$O$2:$P$50,2,FALSE)),"CADASTRAR GERENTE")) -> Danilo | P12: =IF(C12="","",TEXT(A12,"yyyymmdd")&"-"&B12&"-"&C12) -> yyyy0429-Loja ADE-3904
A13: 46141 | B13: Loja ADE | C13: 3905 | D13: João Lucas | E13: Entrega Total | F13: SIM | G13: SIM | H13: NÃO | I13: SIM | J13: =IF(C13="","",IF(E13="Retorno Total"," ",IF(E13="Cancelado"," ",IF(AND(G13="SIM",H13="SIM"),"SIM","NÃO")))) -> NÃO | K13: =IF(C13="","",IF(AND(F13="SIM",I13="SIM",J13="SIM"),"OK","NOK")) -> NOK | L13: Sem assinatura | N13: Qualidade | O13: =IF(B13="","",IFERROR(IF(VLOOKUP(B13,AUXILIAR!$O$2:$P$50,2,FALSE)="","CADASTRAR GERENTE",VLOOKUP(B13,AUXILIAR!$O$2:$P$50,2,FALSE)),"CADASTRAR GERENTE")) -> Danilo | P13: =IF(C13="","",TEXT(A13,"yyyymmdd")&"-"&B13&"-"&C13) -> yyyy0429-Loja ADE-3905
A14: 46141 | B14: Loja ADE | C14: 3906 | D14: João Lucas | E14: Entrega Total | F14: SIM | G14: SIM | H14: SIM | I14: SIM | J14: =IF(C14="","",IF(E14="Retorno Total"," ",IF(E14="Cancelado"," ",IF(AND(G14="SIM",H14="SIM"),"SIM","NÃO")))) -> SIM | K14: =IF(C14="","",IF(AND(F14="SIM",I14="SIM",J14="SIM"),"OK","NOK")) -> OK | L14: OK | N14: Qualidade | O14: =IF(B14="","",IFERROR(IF(VLOOKUP(B14,AUXILIAR!$O$2:$P$50,2,FALSE)="","CADASTRAR GERENTE",VLOOKUP(B14,AUXILIAR!$O$2:$P$50,2,FALSE)),"CADASTRAR GERENTE")) -> Danilo | P14: =IF(C14="","",TEXT(A14,"yyyymmdd")&"-"&B14&"-"&C14) -> yyyy0429-Loja ADE-3906
A15: 46141 | B15: Loja ADE | C15: 3907 | D15: João Lucas | E15: Entrega Total | F15: SIM | G15: SIM | H15: SIM | I15: SIM | J15: =IF(C15="","",IF(E15="Retorno Total"," ",IF(E15="Cancelado"," ",IF(AND(G15="SIM",H15="SIM"),"SIM","NÃO")))) -> SIM | K15: =IF(C15="","",IF(AND(F15="SIM",I15="SIM",J15="SIM"),"OK","NOK")) -> OK | L15: OK | N15: Qualidade | O15: =IF(B15="","",IFERROR(IF(VLOOKUP(B15,AUXILIAR!$O$2:$P$50,2,FALSE)="","CADASTRAR GERENTE",VLOOKUP(B15,AUXILIAR!$O$2:$P$50,2,FALSE)),"CADASTRAR GERENTE")) -> Danilo | P15: =IF(C15="","",TEXT(A15,"yyyymmdd")&"-"&B15&"-"&C15) -> yyyy0429-Loja ADE-3907
A16: 46149 | B16: Loja Valparaiso | C16: 3908 | D16: Wederson C. | E16: Entrega Total | F16: SIM | G16: SIM | H16: SIM | I16: SIM | J16: =IF(C16="","",IF(E16="Retorno Total"," ",IF(E16="Cancelado"," ",IF(AND(G16="SIM",H16="SIM"),"SIM","NÃO")))) -> SIM | K16: =IF(C16="","",IF(AND(F16="SIM",I16="SIM",J16="SIM"),"OK","NOK")) -> OK | L16: Sem foto fachada | N16: Qualidade | O16: =IF(B16="","",IFERROR(IF(VLOOKUP(B16,AUXILIAR!$O$2:$P$50,2,FALSE)="","CADASTRAR GERENTE",VLOOKUP(B16,AUXILIAR!$O$2:$P$50,2,FALSE)),"CADASTRAR GERENTE")) -> Cleonice | P16: =IF(C16="","",TEXT(A16,"yyyymmdd")&"-"&B16&"-"&C16) -> yyyy0507-Loja Valparaiso-3908
A17: 46149 | B17: Loja Valparaiso | C17: 3909 | D17: Wederson C. | E17: Entrega Total | F17: SIM | G17: SIM | H17: SIM | I17: SIM | J17: =IF(C17="","",IF(E17="Retorno Total"," ",IF(E17="Cancelado"," ",IF(AND(G17="SIM",H17="SIM"),"SIM","NÃO")))) -> SIM | K17: =IF(C17="","",IF(AND(F17="SIM",I17="SIM",J17="SIM"),"OK","NOK")) -> OK | L17: Sem foto fachada | N17: Qualidade | O17: =IF(B17="","",IFERROR(IF(VLOOKUP(B17,AUXILIAR!$O$2:$P$50,2,FALSE)="","CADASTRAR GERENTE",VLOOKUP(B17,AUXILIAR!$O$2:$P$50,2,FALSE)),"CADASTRAR GERENTE")) -> Cleonice | P17: =IF(C17="","",TEXT(A17,"yyyymmdd")&"-"&B17&"-"&C17) -> yyyy0507-Loja Valparaiso-3909
A18: 46149 | B18: Loja Valparaiso | C18: 3910 | D18: Wederson C. | E18: Entrega Total | F18: SIM | G18: SIM | H18: SIM | I18: SIM | J18: =IF(C18="","",IF(E18="Retorno Total"," ",IF(E18="Cancelado"," ",IF(AND(G18="SIM",H18="SIM"),"SIM","NÃO")))) -> SIM | K18: =IF(C18="","",IF(AND(F18="SIM",I18="SIM",J18="SIM"),"OK","NOK")) -> OK | L18: Sem foto fachada | N18: Qualidade | O18: =IF(B18="","",IFERROR(IF(VLOOKUP(B18,AUXILIAR!$O$2:$P$50,2,FALSE)="","CADASTRAR GERENTE",VLOOKUP(B18,AUXILIAR!$O$2:$P$50,2,FALSE)),"CADASTRAR GERENTE")) -> Cleonice | P18: =IF(C18="","",TEXT(A18,"yyyymmdd")&"-"&B18&"-"&C18) -> yyyy0507-Loja Valparaiso-3910
A19: 46149 | B19: Loja Valparaiso | C19: 3911 | D19: Wederson C. | E19: Entrega Total | F19: SIM | G19: SIM | H19: SIM | I19: SIM | J19: =IF(C19="","",IF(E19="Retorno Total"," ",IF(E19="Cancelado"," ",IF(AND(G19="SIM",H19="SIM"),"SIM","NÃO")))) -> SIM | K19: =IF(C19="","",IF(AND(F19="SIM",I19="SIM",J19="SIM"),"OK","NOK")) -> OK | L19: Sem foto fachada | N19: Qualidade | O19: =IF(B19="","",IFERROR(IF(VLOOKUP(B19,AUXILIAR!$O$2:$P$50,2,FALSE)="","CADASTRAR GERENTE",VLOOKUP(B19,AUXILIAR!$O$2:$P$50,2,FALSE)),"CADASTRAR GERENTE")) -> Cleonice | P19: =IF(C19="","",TEXT(A19,"yyyymmdd")&"-"&B19&"-"&C19) -> yyyy0507-Loja Valparaiso-3911
A20: 46149 | B20: Loja Valparaiso | C20: 3912 | D20: Wederson C. | E20: Cancelado | J20: =IF(C20="","",IF(E20="Retorno Total"," ",IF(E20="Cancelado"," ",IF(AND(G20="SIM",H20="SIM"),"SIM","NÃO")))) | K20: =IF(C20="","",IF(AND(F20="SIM",I20="SIM",J20="SIM"),"OK","NOK")) -> NOK | L20: Manifesto cancelado | N20: Qualidade | O20: =IF(B20="","",IFERROR(IF(VLOOKUP(B20,AUXILIAR!$O$2:$P$50,2,FALSE)="","CADASTRAR GERENTE",VLOOKUP(B20,AUXILIAR!$O$2:$P$50,2,FALSE)),"CADASTRAR GERENTE")) -> Cleonice | P20: =IF(C20="","",TEXT(A20,"yyyymmdd")&"-"&B20&"-"&C20) -> yyyy0507-Loja Valparaiso-3912
A21: 46149 | B21: Loja Valparaiso | C21: 3913 | D21: J. Alessandro | E21: Entrega Total | F21: NÃO | G21: NÃO | H21: NÃO | I21: SIM | J21: =IF(C21="","",IF(E21="Retorno Total"," ",IF(E21="Cancelado"," ",IF(AND(G21="SIM",H21="SIM"),"SIM","NÃO")))) -> NÃO | K21: =IF(C21="","",IF(AND(F21="SIM",I21="SIM",J21="SIM"),"OK","NOK")) -> NOK | L21: Outro | M21: Manifesto não entregue pelo app | N21: Qualidade | O21: =IF(B21="","",IFERROR(IF(VLOOKUP(B21,AUXILIAR!$O$2:$P$50,2,FALSE)="","CADASTRAR GERENTE",VLOOKUP(B21,AUXILIAR!$O$2:$P$50,2,FALSE)),"CADASTRAR GERENTE")) -> Cleonice | P21: =IF(C21="","",TEXT(A21,"yyyymmdd")&"-"&B21&"-"&C21) -> yyyy0507-Loja Valparaiso-3913
A22: 46149 | B22: Loja Valparaiso | C22: 3914 | D22: Wederson C. | E22: Entrega Total | F22: SIM | G22: SIM | H22: SIM | I22: SIM | J22: =IF(C22="","",IF(E22="Retorno Total"," ",IF(E22="Cancelado"," ",IF(AND(G22="SIM",H22="SIM"),"SIM","NÃO")))) -> SIM | K22: =IF(C22="","",IF(AND(F22="SIM",I22="SIM",J22="SIM"),"OK","NOK")) -> OK | L22: Sem foto fachada | N22: Qualidade | O22: =IF(B22="","",IFERROR(IF(VLOOKUP(B22,AUXILIAR!$O$2:$P$50,2,FALSE)="","CADASTRAR GERENTE",VLOOKUP(B22,AUXILIAR!$O$2:$P$50,2,FALSE)),"CADASTRAR GERENTE")) -> Cleonice | P22: =IF(C22="","",TEXT(A22,"yyyymmdd")&"-"&B22&"-"&C22) -> yyyy0507-Loja Valparaiso-3914
A23: 46149 | B23: Loja Valparaiso | C23: 3915 | D23: Wederson C. | E23: Entrega Total | F23: NÃO | G23: NÃO | H23: NÃO | I23: SIM | J23: =IF(C23="","",IF(E23="Retorno Total"," ",IF(E23="Cancelado"," ",IF(AND(G23="SIM",H23="SIM"),"SIM","NÃO")))) -> NÃO | K23: =IF(C23="","",IF(AND(F23="SIM",I23="SIM",J23="SIM"),"OK","NOK")) -> NOK | L23: Outro | M23: Manifesto não entregue pelo app | N23: Qualidade | O23: =IF(B23="","",IFERROR(IF(VLOOKUP(B23,AUXILIAR!$O$2:$P$50,2,FALSE)="","CADASTRAR GERENTE",VLOOKUP(B23,AUXILIAR!$O$2:$P$50,2,FALSE)),"CADASTRAR GERENTE")) -> Cleonice | P23: =IF(C23="","",TEXT(A23,"yyyymmdd")&"-"&B23&"-"&C23) -> yyyy0507-Loja Valparaiso-3915
A24: 46149 | B24: Loja Pistão | C24: 3916 | D24: João Lucas | E24: Entrega Total | F24: SIM | G24: SIM | H24: SIM | I24: SIM | J24: =IF(C24="","",IF(E24="Retorno Total"," ",IF(E24="Cancelado"," ",IF(AND(G24="SIM",H24="SIM"),"SIM","NÃO")))) -> SIM | K24: =IF(C24="","",IF(AND(F24="SIM",I24="SIM",J24="SIM"),"OK","NOK")) -> OK | L24: OK | N24: Qualidade | O24: =IF(B24="","",IFERROR(IF(VLOOKUP(B24,AUXILIAR!$O$2:$P$50,2,FALSE)="","CADASTRAR GERENTE",VLOOKUP(B24,AUXILIAR!$O$2:$P$50,2,FALSE)),"CADASTRAR GERENTE")) -> Cinthya | P24: =IF(C24="","",TEXT(A24,"yyyymmdd")&"-"&B24&"-"&C24) -> yyyy0507-Loja Pistão-3916
A25: 46149 | B25: Loja Pistão | C25: 3917 | D25: João Lucas | E25: Entrega Total | F25: SIM | G25: SIM | H25: SIM | I25: SIM | J25: =IF(C25="","",IF(E25="Retorno Total"," ",IF(E25="Cancelado"," ",IF(AND(G25="SIM",H25="SIM"),"SIM","NÃO")))) -> SIM | K25: =IF(C25="","",IF(AND(F25="SIM",I25="SIM",J25="SIM"),"OK","NOK")) -> OK | L25: OK | N25: Qualidade | O25: =IF(B25="","",IFERROR(IF(VLOOKUP(B25,AUXILIAR!$O$2:$P$50,2,FALSE)="","CADASTRAR GERENTE",VLOOKUP(B25,AUXILIAR!$O$2:$P$50,2,FALSE)),"CADASTRAR GERENTE")) -> Cinthya | P25: =IF(C25="","",TEXT(A25,"yyyymmdd")&"-"&B25&"-"&C25) -> yyyy0507-Loja Pistão-3917
A26: 46148 | B26: Loja ADE | C26: 3919 | D26: João Lucas | E26: Entrega Total | F26: SIM | G26: SIM | H26: SIM | I26: SIM | J26: =IF(C26="","",IF(E26="Retorno Total"," ",IF(E26="Cancelado"," ",IF(AND(G26="SIM",H26="SIM"),"SIM","NÃO")))) -> SIM | K26: =IF(C26="","",IF(AND(F26="SIM",I26="SIM",J26="SIM"),"OK","NOK")) -> OK | L26: OK | N26: Qualidade | O26: =IF(B26="","",IFERROR(IF(VLOOKUP(B26,AUXILIAR!$O$2:$P$50,2,FALSE)="","CADASTRAR GERENTE",VLOOKUP(B26,AUXILIAR!$O$2:$P$50,2,FALSE)),"CADASTRAR GERENTE")) -> Danilo | P26: =IF(C26="","",TEXT(A26,"yyyymmdd")&"-"&B26&"-"&C26) -> yyyy0506-Loja ADE-3919
A27: 46149 | B27: Loja Valparaiso | C27: 3920 | D27: Wederson C. | E27: Entrega Total | F27: NÃO | G27: NÃO | H27: NÃO | I27: SIM | J27: =IF(C27="","",IF(E27="Retorno Total"," ",IF(E27="Cancelado"," ",IF(AND(G27="SIM",H27="SIM"),"SIM","NÃO")))) -> NÃO | K27: =IF(C27="","",IF(AND(F27="SIM",I27="SIM",J27="SIM"),"OK","NOK")) -> NOK | L27: Outro | M27: Manifesto não entregue pelo app | N27: Qualidade | O27: =IF(B27="","",IFERROR(IF(VLOOKUP(B27,AUXILIAR!$O$2:$P$50,2,FALSE)="","CADASTRAR GERENTE",VLOOKUP(B27,AUXILIAR!$O$2:$P$50,2,FALSE)),"CADASTRAR GERENTE")) -> Cleonice | P27: =IF(C27="","",TEXT(A27,"yyyymmdd")&"-"&B27&"-"&C27) -> yyyy0507-Loja Valparaiso-3920
A28: 46149 | B28: Loja Valparaiso | C28: 3921 | D28: Wederson C. | E28: Entrega Total | F28: SIM | G28: SIM | H28: SIM | I28: SIM | J28: =IF(C28="","",IF(E28="Retorno Total"," ",IF(E28="Cancelado"," ",IF(AND(G28="SIM",H28="SIM"),"SIM","NÃO")))) -> SIM | K28: =IF(C28="","",IF(AND(F28="SIM",I28="SIM",J28="SIM"),"OK","NOK")) -> OK | L28: Sem foto fachada | N28: Qualidade | O28: =IF(B28="","",IFERROR(IF(VLOOKUP(B28,AUXILIAR!$O$2:$P$50,2,FALSE)="","CADASTRAR GERENTE",VLOOKUP(B28,AUXILIAR!$O$2:$P$50,2,FALSE)),"CADASTRAR GERENTE")) -> Cleonice | P28: =IF(C28="","",TEXT(A28,"yyyymmdd")&"-"&B28&"-"&C28) -> yyyy0507-Loja Valparaiso-3921
A29: 46149 | B29: Loja Valparaiso | C29: 3922 | D29: Wederson C. | E29: Entrega Total | F29: SIM | G29: SIM | H29: SIM | I29: SIM | J29: =IF(C29="","",IF(E29="Retorno Total"," ",IF(E29="Cancelado"," ",IF(AND(G29="SIM",H29="SIM"),"SIM","NÃO")))) -> SIM | K29: =IF(C29="","",IF(AND(F29="SIM",I29="SIM",J29="SIM"),"OK","NOK")) -> OK | L29: Sem foto fachada | N29: Qualidade | O29: =IF(B29="","",IFERROR(IF(VLOOKUP(B29,AUXILIAR!$O$2:$P$50,2,FALSE)="","CADASTRAR GERENTE",VLOOKUP(B29,AUXILIAR!$O$2:$P$50,2,FALSE)),"CADASTRAR GERENTE")) -> Cleonice | P29: =IF(C29="","",TEXT(A29,"yyyymmdd")&"-"&B29&"-"&C29) -> yyyy0507-Loja Valparaiso-3922
A30: 46149 | B30: Loja Valparaiso | C30: 3926 | D30: Wederson C. | E30: Entrega Total | F30: SIM | G30: SIM | H30: SIM | I30: SIM | J30: =IF(C30="","",IF(E30="Retorno Total"," ",IF(E30="Cancelado"," ",IF(AND(G30="SIM",H30="SIM"),"SIM","NÃO")))) -> SIM | K30: =IF(C30="","",IF(AND(F30="SIM",I30="SIM",J30="SIM"),"OK","NOK")) -> OK | L30: Sem foto fachada | N30: Qualidade | O30: =IF(B30="","",IFERROR(IF(VLOOKUP(B30,AUXILIAR!$O$2:$P$50,2,FALSE)="","CADASTRAR GERENTE",VLOOKUP(B30,AUXILIAR!$O$2:$P$50,2,FALSE)),"CADASTRAR GERENTE")) -> Cleonice | P30: =IF(C30="","",TEXT(A30,"yyyymmdd")&"-"&B30&"-"&C30) -> yyyy0507-Loja Valparaiso-3926
A31: 46149 | B31: Loja Valparaiso | C31: 3927 | D31: Wederson C. | E31: Entrega Total | F31: SIM | G31: SIM | H31: SIM | I31: SIM | J31: =IF(C31="","",IF(E31="Retorno Total"," ",IF(E31="Cancelado"," ",IF(AND(G31="SIM",H31="SIM"),"SIM","NÃO")))) -> SIM | K31: =IF(C31="","",IF(AND(F31="SIM",I31="SIM",J31="SIM"),"OK","NOK")) -> OK | L31: Sem foto fachada | N31: Qualidade | O31: =IF(B31="","",IFERROR(IF(VLOOKUP(B31,AUXILIAR!$O$2:$P$50,2,FALSE)="","CADASTRAR GERENTE",VLOOKUP(B31,AUXILIAR!$O$2:$P$50,2,FALSE)),"CADASTRAR GERENTE")) -> Cleonice | P31: =IF(C31="","",TEXT(A31,"yyyymmdd")&"-"&B31&"-"&C31) -> yyyy0507-Loja Valparaiso-3927
A32: 46149 | B32: Loja Pistão | C32: 3928 | D32: João Lucas | E32: Entrega Total | F32: SIM | G32: SIM | H32: SIM | I32: SIM | J32: =IF(C32="","",IF(E32="Retorno Total"," ",IF(E32="Cancelado"," ",IF(AND(G32="SIM",H32="SIM"),"SIM","NÃO")))) -> SIM | K32: =IF(C32="","",IF(AND(F32="SIM",I32="SIM",J32="SIM"),"OK","NOK")) -> OK | L32: Sem foto fachada | N32: Qualidade | O32: =IF(B32="","",IFERROR(IF(VLOOKUP(B32,AUXILIAR!$O$2:$P$50,2,FALSE)="","CADASTRAR GERENTE",VLOOKUP(B32,AUXILIAR!$O$2:$P$50,2,FALSE)),"CADASTRAR GERENTE")) -> Cinthya | P32: =IF(C32="","",TEXT(A32,"yyyymmdd")&"-"&B32&"-"&C32) -> yyyy0507-Loja Pistão-3928
A33: 46149 | B33: Loja Valparaiso | C33: 3929 | D33: Wederson C. | E33: Entrega Total | F33: SIM | G33: SIM | H33: SIM | I33: SIM | J33: =IF(C33="","",IF(E33="Retorno Total"," ",IF(E33="Cancelado"," ",IF(AND(G33="SIM",H33="SIM"),"SIM","NÃO")))) -> SIM | K33: =IF(C33="","",IF(AND(F33="SIM",I33="SIM",J33="SIM"),"OK","NOK")) -> OK | L33: Sem foto fachada | N33: Qualidade | O33: =IF(B33="","",IFERROR(IF(VLOOKUP(B33,AUXILIAR!$O$2:$P$50,2,FALSE)="","CADASTRAR GERENTE",VLOOKUP(B33,AUXILIAR!$O$2:$P$50,2,FALSE)),"CADASTRAR GERENTE")) -> Cleonice | P33: =IF(C33="","",TEXT(A33,"yyyymmdd")&"-"&B33&"-"&C33) -> yyyy0507-Loja Valparaiso-3929
A34: 46149 | B34: Loja Pistão | C34: 3930 | D34: João Lucas | E34: Entrega Total | F34: SIM | G34: SIM | H34: SIM | I34: SIM | J34: =IF(C34="","",IF(E34="Retorno Total"," ",IF(E34="Cancelado"," ",IF(AND(G34="SIM",H34="SIM"),"SIM","NÃO")))) -> SIM | K34: =IF(C34="","",IF(AND(F34="SIM",I34="SIM",J34="SIM"),"OK","NOK")) -> OK | L34: Sem foto fachada | N34: Qualidade | O34: =IF(B34="","",IFERROR(IF(VLOOKUP(B34,AUXILIAR!$O$2:$P$50,2,FALSE)="","CADASTRAR GERENTE",VLOOKUP(B34,AUXILIAR!$O$2:$P$50,2,FALSE)),"CADASTRAR GERENTE")) -> Cinthya | P34: =IF(C34="","",TEXT(A34,"yyyymmdd")&"-"&B34&"-"&C34) -> yyyy0507-Loja Pistão-3930
A35: 46149 | B35: Loja Pistão | C35: 3932 | D35: João Lucas | E35: Entrega Total | F35: SIM | G35: SIM | H35: SIM | I35: SIM | J35: =IF(C35="","",IF(E35="Retorno Total"," ",IF(E35="Cancelado"," ",IF(AND(G35="SIM",H35="SIM"),"SIM","NÃO")))) -> SIM | K35: =IF(C35="","",IF(AND(F35="SIM",I35="SIM",J35="SIM"),"OK","NOK")) -> OK | L35: OK | N35: Qualidade | O35: =IF(B35="","",IFERROR(IF(VLOOKUP(B35,AUXILIAR!$O$2:$P$50,2,FALSE)="","CADASTRAR GERENTE",VLOOKUP(B35,AUXILIAR!$O$2:$P$50,2,FALSE)),"CADASTRAR GERENTE")) -> Cinthya | P35: =IF(C35="","",TEXT(A35,"yyyymmdd")&"-"&B35&"-"&C35) -> yyyy0507-Loja Pistão-3932
A36: 46148 | B36: Loja ADE | C36: 3933 | D36: João Lucas | E36: Entrega Total | F36: SIM | G36: SIM | H36: SIM | I36: SIM | J36: =IF(C36="","",IF(E36="Retorno Total"," ",IF(E36="Cancelado"," ",IF(AND(G36="SIM",H36="SIM"),"SIM","NÃO")))) -> SIM | K36: =IF(C36="","",IF(AND(F36="SIM",I36="SIM",J36="SIM"),"OK","NOK")) -> OK | L36: OK | N36: Qualidade | O36: =IF(B36="","",IFERROR(IF(VLOOKUP(B36,AUXILIAR!$O$2:$P$50,2,FALSE)="","CADASTRAR GERENTE",VLOOKUP(B36,AUXILIAR!$O$2:$P$50,2,FALSE)),"CADASTRAR GERENTE")) -> Danilo | P36: =IF(C36="","",TEXT(A36,"yyyymmdd")&"-"&B36&"-"&C36) -> yyyy0506-Loja ADE-3933
A37: 46149 | B37: Loja Valparaiso | C37: 3934 | D37: Wederson C. | E37: Entrega Total | F37: SIM | G37: SIM | H37: SIM | I37: SIM | J37: =IF(C37="","",IF(E37="Retorno Total"," ",IF(E37="Cancelado"," ",IF(AND(G37="SIM",H37="SIM"),"SIM","NÃO")))) -> SIM | K37: =IF(C37="","",IF(AND(F37="SIM",I37="SIM",J37="SIM"),"OK","NOK")) -> OK | L37: Sem foto fachada | N37: Qualidade | O37: =IF(B37="","",IFERROR(IF(VLOOKUP(B37,AUXILIAR!$O$2:$P$50,2,FALSE)="","CADASTRAR GERENTE",VLOOKUP(B37,AUXILIAR!$O$2:$P$50,2,FALSE)),"CADASTRAR GERENTE")) -> Cleonice | P37: =IF(C37="","",TEXT(A37,"yyyymmdd")&"-"&B37&"-"&C37) -> yyyy0507-Loja Valparaiso-3934
A38: 46148 | B38: Loja ADE | C38: 3935 | D38: João Lucas | E38: Entrega Total | F38: SIM | G38: SIM | H38: SIM | I38: SIM | J38: =IF(C38="","",IF(E38="Retorno Total"," ",IF(E38="Cancelado"," ",IF(AND(G38="SIM",H38="SIM"),"SIM","NÃO")))) -> SIM | K38: =IF(C38="","",IF(AND(F38="SIM",I38="SIM",J38="SIM"),"OK","NOK")) -> OK | L38: OK | N38: Qualidade | O38: =IF(B38="","",IFERROR(IF(VLOOKUP(B38,AUXILIAR!$O$2:$P$50,2,FALSE)="","CADASTRAR GERENTE",VLOOKUP(B38,AUXILIAR!$O$2:$P$50,2,FALSE)),"CADASTRAR GERENTE")) -> Danilo | P38: =IF(C38="","",TEXT(A38,"yyyymmdd")&"-"&B38&"-"&C38) -> yyyy0506-Loja ADE-3935
A39: 46149 | B39: Loja Valparaiso | C39: 3936 | D39: Wederson C. | E39: Entrega Total | F39: SIM | G39: SIM | H39: SIM | I39: SIM | J39: =IF(C39="","",IF(E39="Retorno Total"," ",IF(E39="Cancelado"," ",IF(AND(G39="SIM",H39="SIM"),"SIM","NÃO")))) -> SIM | K39: =IF(C39="","",IF(AND(F39="SIM",I39="SIM",J39="SIM"),"OK","NOK")) -> OK | L39: Sem foto fachada | N39: Qualidade | O39: =IF(B39="","",IFERROR(IF(VLOOKUP(B39,AUXILIAR!$O$2:$P$50,2,FALSE)="","CADASTRAR GERENTE",VLOOKUP(B39,AUXILIAR!$O$2:$P$50,2,FALSE)),"CADASTRAR GERENTE")) -> Cleonice | P39: =IF(C39="","",TEXT(A39,"yyyymmdd")&"-"&B39&"-"&C39) -> yyyy0507-Loja Valparaiso-3936
... A50: 46148 | B50: Loja ADE | C50: 3950 | D50: João Lucas | E50: Entrega Total | F50: SIM | G50: SIM | H50: SIM | I50: SIM | J50: =IF(C50="","",IF(E50="Retorno Total"," ",IF(E50="Cancelado"," ",IF(AND(G50="SIM",H50="SIM"),"SIM","NÃO")))) -> SIM | K50: =IF(C50="","",IF(AND(F50="SIM",I50="SIM",J50="SIM"),"OK","NOK")) -> OK | L50: OK | N50: Qualidade | O50: =IF(B50="","",IFERROR(IF(VLOOKUP(B50,AUXILIAR!$O$2:$P$50,2,FALSE)="","CADASTRAR GERENTE",VLOOKUP(B50,AUXILIAR!$O$2:$P$50,2,FALSE)),"CADASTRAR GERENTE")) -> Danilo | P50: =IF(C50="","",TEXT(A50,"yyyymmdd")&"-"&B50&"-"&C50) -> yyyy0506-Loja ADE-3950
A51: 46150 | B51: Loja Asa Norte | C51: 3951 | D51: J. Alessandro | E51: Entrega Total | F51: NÃO | G51: NÃO | H51: NÃO | I51: SIM | J51: =IF(C51="","",IF(E51="Retorno Total"," ",IF(E51="Cancelado"," ",IF(AND(G51="SIM",H51="SIM"),"SIM","NÃO")))) -> NÃO | K51: =IF(C51="","",IF(AND(F51="SIM",I51="SIM",J51="SIM"),"OK","NOK")) -> NOK | L51: Outro | M51: Manifesto não entregue pelo app | N51: Qualidade | O51: =IF(B51="","",IFERROR(IF(VLOOKUP(B51,AUXILIAR!$O$2:$P$50,2,FALSE)="","CADASTRAR GERENTE",VLOOKUP(B51,AUXILIAR!$O$2:$P$50,2,FALSE)),"CADASTRAR GERENTE")) -> Neudo | P51: =IF(C51="","",TEXT(A51,"yyyymmdd")&"-"&B51&"-"&C51) -> yyyy0508-Loja Asa Norte-3951
A52: 46148 | B52: Loja ADE | C52: 3954 | D52: João Lucas | E52: Entrega Total | F52: SIM | G52: SIM | H52: SIM | I52: SIM | J52: =IF(C52="","",IF(E52="Retorno Total"," ",IF(E52="Cancelado"," ",IF(AND(G52="SIM",H52="SIM"),"SIM","NÃO")))) -> SIM | K52: =IF(C52="","",IF(AND(F52="SIM",I52="SIM",J52="SIM"),"OK","NOK")) -> OK | L52: OK | N52: Qualidade | O52: =IF(B52="","",IFERROR(IF(VLOOKUP(B52,AUXILIAR!$O$2:$P$50,2,FALSE)="","CADASTRAR GERENTE",VLOOKUP(B52,AUXILIAR!$O$2:$P$50,2,FALSE)),"CADASTRAR GERENTE")) -> Danilo | P52: =IF(C52="","",TEXT(A52,"yyyymmdd")&"-"&B52&"-"&C52) -> yyyy0506-Loja ADE-3954
A53: 46149 | B53: Loja Pistão | C53: 3955 | D53: João Lucas | E53: Entrega Total | F53: SIM | G53: NÃO | H53: SIM | I53: SIM | J53: =IF(C53="","",IF(E53="Retorno Total"," ",IF(E53="Cancelado"," ",IF(AND(G53="SIM",H53="SIM"),"SIM","NÃO")))) -> NÃO | K53: =IF(C53="","",IF(AND(F53="SIM",I53="SIM",J53="SIM"),"OK","NOK")) -> NOK | L53: Sem nenhuma foto | M53: Foto preta. | N53: Qualidade | O53: =IF(B53="","",IFERROR(IF(VLOOKUP(B53,AUXILIAR!$O$2:$P$50,2,FALSE)="","CADASTRAR GERENTE",VLOOKUP(B53,AUXILIAR!$O$2:$P$50,2,FALSE)),"CADASTRAR GERENTE")) -> Cinthya | P53: =IF(C53="","",TEXT(A53,"yyyymmdd")&"-"&B53&"-"&C53) -> yyyy0507-Loja Pistão-3955
A54: 46149 | B54: Loja Pistão | C54: 3958 | D54: João Lucas | E54: Entrega Total | F54: SIM | G54: SIM | H54: SIM | I54: SIM | J54: =IF(C54="","",IF(E54="Retorno Total"," ",IF(E54="Cancelado"," ",IF(AND(G54="SIM",H54="SIM"),"SIM","NÃO")))) -> SIM | K54: =IF(C54="","",IF(AND(F54="SIM",I54="SIM",J54="SIM"),"OK","NOK")) -> OK | L54: OK | N54: Qualidade | O54: =IF(B54="","",IFERROR(IF(VLOOKUP(B54,AUXILIAR!$O$2:$P$50,2,FALSE)="","CADASTRAR GERENTE",VLOOKUP(B54,AUXILIAR!$O$2:$P$50,2,FALSE)),"CADASTRAR GERENTE")) -> Cinthya | P54: =IF(C54="","",TEXT(A54,"yyyymmdd")&"-"&B54&"-"&C54) -> yyyy0507-Loja Pistão-3958
A55: 46149 | B55: Loja ADE | C55: 3959 | D55: João Lucas | E55: Entrega Total | F55: SIM | G55: SIM | H55: SIM | I55: SIM | J55: =IF(C55="","",IF(E55="Retorno Total"," ",IF(E55="Cancelado"," ",IF(AND(G55="SIM",H55="SIM"),"SIM","NÃO")))) -> SIM | K55: =IF(C55="","",IF(AND(F55="SIM",I55="SIM",J55="SIM"),"OK","NOK")) -> OK | L55: OK | N55: Qualidade | O55: =IF(B55="","",IFERROR(IF(VLOOKUP(B55,AUXILIAR!$O$2:$P$50,2,FALSE)="","CADASTRAR GERENTE",VLOOKUP(B55,AUXILIAR!$O$2:$P$50,2,FALSE)),"CADASTRAR GERENTE")) -> Danilo | P55: =IF(C55="","",TEXT(A55,"yyyymmdd")&"-"&B55&"-"&C55) -> yyyy0507-Loja ADE-3959
A56: 46149 | B56: Loja Valparaiso | C56: 3960 | D56: Wederson C. | E56: Entrega Total | F56: NÃO | G56: NÃO | H56: NÃO | I56: SIM | J56: =IF(C56="","",IF(E56="Retorno Total"," ",IF(E56="Cancelado"," ",IF(AND(G56="SIM",H56="SIM"),"SIM","NÃO")))) -> NÃO | K56: =IF(C56="","",IF(AND(F56="SIM",I56="SIM",J56="SIM"),"OK","NOK")) -> NOK | L56: Outro | M56: Manifesto não entregue pelo app | N56: Qualidade | O56: =IF(B56="","",IFERROR(IF(VLOOKUP(B56,AUXILIAR!$O$2:$P$50,2,FALSE)="","CADASTRAR GERENTE",VLOOKUP(B56,AUXILIAR!$O$2:$P$50,2,FALSE)),"CADASTRAR GERENTE")) -> Cleonice | P56: =IF(C56="","",TEXT(A56,"yyyymmdd")&"-"&B56&"-"&C56) -> yyyy0507-Loja Valparaiso-3960
A57: 46149 | B57: Loja ADE | C57: 3961 | D57: João Lucas | E57: Entrega Total | F57: SIM | G57: SIM | H57: SIM | I57: SIM | J57: =IF(C57="","",IF(E57="Retorno Total"," ",IF(E57="Cancelado"," ",IF(AND(G57="SIM",H57="SIM"),"SIM","NÃO")))) -> SIM | K57: =IF(C57="","",IF(AND(F57="SIM",I57="SIM",J57="SIM"),"OK","NOK")) -> OK | L57: OK | N57: Qualidade | O57: =IF(B57="","",IFERROR(IF(VLOOKUP(B57,AUXILIAR!$O$2:$P$50,2,FALSE)="","CADASTRAR GERENTE",VLOOKUP(B57,AUXILIAR!$O$2:$P$50,2,FALSE)),"CADASTRAR GERENTE")) -> Danilo | P57: =IF(C57="","",TEXT(A57,"yyyymmdd")&"-"&B57&"-"&C57) -> yyyy0507-Loja ADE-3961
A58: 46149 | B58: Loja Valparaiso | C58: 3962 | D58: Wederson C. | E58: Entrega Total | F58: NÃO | G58: NÃO | H58: NÃO | I58: SIM | J58: =IF(C58="","",IF(E58="Retorno Total"," ",IF(E58="Cancelado"," ",IF(AND(G58="SIM",H58="SIM"),"SIM","NÃO")))) -> NÃO | K58: =IF(C58="","",IF(AND(F58="SIM",I58="SIM",J58="SIM"),"OK","NOK")) -> NOK | L58: Outro | M58: Manifesto não entregue pelo app | N58: Qualidade | O58: =IF(B58="","",IFERROR(IF(VLOOKUP(B58,AUXILIAR!$O$2:$P$50,2,FALSE)="","CADASTRAR GERENTE",VLOOKUP(B58,AUXILIAR!$O$2:$P$50,2,FALSE)),"CADASTRAR GERENTE")) -> Cleonice | P58: =IF(C58="","",TEXT(A58,"yyyymmdd")&"-"&B58&"-"&C58) -> yyyy0507-Loja Valparaiso-3962
A59: 46149 | B59: Loja Valparaiso | C59: 3963 | D59: Wederson C. | E59: Entrega Total | F59: NÃO | G59: NÃO | H59: NÃO | I59: SIM | J59: =IF(C59="","",IF(E59="Retorno Total"," ",IF(E59="Cancelado"," ",IF(AND(G59="SIM",H59="SIM"),"SIM","NÃO")))) -> NÃO | K59: =IF(C59="","",IF(AND(F59="SIM",I59="SIM",J59="SIM"),"OK","NOK")) -> NOK | L59: Outro | M59: Manifesto não entregue pelo app | N59: Qualidade | O59: =IF(B59="","",IFERROR(IF(VLOOKUP(B59,AUXILIAR!$O$2:$P$50,2,FALSE)="","CADASTRAR GERENTE",VLOOKUP(B59,AUXILIAR!$O$2:$P$50,2,FALSE)),"CADASTRAR GERENTE")) -> Cleonice | P59: =IF(C59="","",TEXT(A59,"yyyymmdd")&"-"&B59&"-"&C59) -> yyyy0507-Loja Valparaiso-3963
A60: 46149 | B60: Loja Valparaiso | C60: 3964 | D60: Wederson C. | E60: Entrega Total | F60: NÃO | G60: NÃO | H60: NÃO | I60: SIM | J60: =IF(C60="","",IF(E60="Retorno Total"," ",IF(E60="Cancelado"," ",IF(AND(G60="SIM",H60="SIM"),"SIM","NÃO")))) -> NÃO | K60: =IF(C60="","",IF(AND(F60="SIM",I60="SIM",J60="SIM"),"OK","NOK")) -> NOK | L60: Outro | M60: Manifesto não entregue pelo app | N60: Qualidade | O60: =IF(B60="","",IFERROR(IF(VLOOKUP(B60,AUXILIAR!$O$2:$P$50,2,FALSE)="","CADASTRAR GERENTE",VLOOKUP(B60,AUXILIAR!$O$2:$P$50,2,FALSE)),"CADASTRAR GERENTE")) -> Cleonice | P60: =IF(C60="","",TEXT(A60,"yyyymmdd")&"-"&B60&"-"&C60) -> yyyy0507-Loja Valparaiso-3964
A61: 46149 | B61: Loja Valparaiso | C61: 3965 | D61: Wederson C. | E61: Entrega Total | F61: SIM | G61: SIM | H61: SIM | I61: SIM | J61: =IF(C61="","",IF(E61="Retorno Total"," ",IF(E61="Cancelado"," ",IF(AND(G61="SIM",H61="SIM"),"SIM","NÃO")))) -> SIM | K61: =IF(C61="","",IF(AND(F61="SIM",I61="SIM",J61="SIM"),"OK","NOK")) -> OK | L61: Sem foto fachada | N61: Qualidade | O61: =IF(B61="","",IFERROR(IF(VLOOKUP(B61,AUXILIAR!$O$2:$P$50,2,FALSE)="","CADASTRAR GERENTE",VLOOKUP(B61,AUXILIAR!$O$2:$P$50,2,FALSE)),"CADASTRAR GERENTE")) -> Cleonice | P61: =IF(C61="","",TEXT(A61,"yyyymmdd")&"-"&B61&"-"&C61) -> yyyy0507-Loja Valparaiso-3965
A62: 46149 | B62: Loja Pistão | C62: 3966 | D62: João Lucas | E62: Entrega Total | F62: SIM | G62: SIM | H62: SIM | I62: SIM | J62: =IF(C62="","",IF(E62="Retorno Total"," ",IF(E62="Cancelado"," ",IF(AND(G62="SIM",H62="SIM"),"SIM","NÃO")))) -> SIM | K62: =IF(C62="","",IF(AND(F62="SIM",I62="SIM",J62="SIM"),"OK","NOK")) -> OK | L62: OK | N62: Qualidade | O62: =IF(B62="","",IFERROR(IF(VLOOKUP(B62,AUXILIAR!$O$2:$P$50,2,FALSE)="","CADASTRAR GERENTE",VLOOKUP(B62,AUXILIAR!$O$2:$P$50,2,FALSE)),"CADASTRAR GERENTE")) -> Cinthya | P62: =IF(C62="","",TEXT(A62,"yyyymmdd")&"-"&B62&"-"&C62) -> yyyy0507-Loja Pistão-3966
A63: 46149 | B63: Loja Valparaiso | C63: 3967 | D63: Wederson C. | E63: Entrega Total | F63: SIM | G63: SIM | H63: SIM | I63: SIM | J63: =IF(C63="","",IF(E63="Retorno Total"," ",IF(E63="Cancelado"," ",IF(AND(G63="SIM",H63="SIM"),"SIM","NÃO")))) -> SIM | K63: =IF(C63="","",IF(AND(F63="SIM",I63="SIM",J63="SIM"),"OK","NOK")) -> OK | L63: Sem foto fachada | N63: Qualidade | O63: =IF(B63="","",IFERROR(IF(VLOOKUP(B63,AUXILIAR!$O$2:$P$50,2,FALSE)="","CADASTRAR GERENTE",VLOOKUP(B63,AUXILIAR!$O$2:$P$50,2,FALSE)),"CADASTRAR GERENTE")) -> Cleonice | P63: =IF(C63="","",TEXT(A63,"yyyymmdd")&"-"&B63&"-"&C63) -> yyyy0507-Loja Valparaiso-3967
A64: 46149 | B64: Loja Valparaiso | C64: 3968 | D64: Wederson C. | E64: Entrega Total | F64: SIM | G64: SIM | H64: SIM | I64: SIM | J64: =IF(C64="","",IF(E64="Retorno Total"," ",IF(E64="Cancelado"," ",IF(AND(G64="SIM",H64="SIM"),"SIM","NÃO")))) -> SIM | K64: =IF(C64="","",IF(AND(F64="SIM",I64="SIM",J64="SIM"),"OK","NOK")) -> OK | L64: Sem foto fachada | N64: Qualidade | O64: =IF(B64="","",IFERROR(IF(VLOOKUP(B64,AUXILIAR!$O$2:$P$50,2,FALSE)="","CADASTRAR GERENTE",VLOOKUP(B64,AUXILIAR!$O$2:$P$50,2,FALSE)),"CADASTRAR GERENTE")) -> Cleonice | P64: =IF(C64="","",TEXT(A64,"yyyymmdd")&"-"&B64&"-"&C64) -> yyyy0507-Loja Valparaiso-3968
A65: 46149 | B65: Loja Valparaiso | C65: 3969 | D65: Wederson C. | E65: Entrega Total | F65: NÃO | G65: NÃO | H65: NÃO | I65: SIM | J65: =IF(C65="","",IF(E65="Retorno Total"," ",IF(E65="Cancelado"," ",IF(AND(G65="SIM",H65="SIM"),"SIM","NÃO")))) -> NÃO | K65: =IF(C65="","",IF(AND(F65="SIM",I65="SIM",J65="SIM"),"OK","NOK")) -> NOK | L65: Outro | M65: Manifesto não entregue pelo app | N65: Qualidade | O65: =IF(B65="","",IFERROR(IF(VLOOKUP(B65,AUXILIAR!$O$2:$P$50,2,FALSE)="","CADASTRAR GERENTE",VLOOKUP(B65,AUXILIAR!$O$2:$P$50,2,FALSE)),"CADASTRAR GERENTE")) -> Cleonice | P65: =IF(C65="","",TEXT(A65,"yyyymmdd")&"-"&B65&"-"&C65) -> yyyy0507-Loja Valparaiso-3969
A66: 46149 | B66: Loja Valparaiso | C66: 3970 | D66: Wederson C. | E66: Entrega Total | F66: SIM | G66: SIM | H66: SIM | I66: SIM | J66: =IF(C66="","",IF(E66="Retorno Total"," ",IF(E66="Cancelado"," ",IF(AND(G66="SIM",H66="SIM"),"SIM","NÃO")))) -> SIM | K66: =IF(C66="","",IF(AND(F66="SIM",I66="SIM",J66="SIM"),"OK","NOK")) -> OK | L66: Sem foto fachada | N66: Qualidade | O66: =IF(B66="","",IFERROR(IF(VLOOKUP(B66,AUXILIAR!$O$2:$P$50,2,FALSE)="","CADASTRAR GERENTE",VLOOKUP(B66,AUXILIAR!$O$2:$P$50,2,FALSE)),"CADASTRAR GERENTE")) -> Cleonice | P66: =IF(C66="","",TEXT(A66,"yyyymmdd")&"-"&B66&"-"&C66) -> yyyy0507-Loja Valparaiso-3970
A67: 46153 | B67: Loja Valparaiso | C67: 3971 | D67: Wederson C. | E67: Entrega Total | F67: SIM | G67: SIM | H67: SIM | I67: SIM | J67: =IF(C67="","",IF(E67="Retorno Total"," ",IF(E67="Cancelado"," ",IF(AND(G67="SIM",H67="SIM"),"SIM","NÃO")))) -> SIM | K67: =IF(C67="","",IF(AND(F67="SIM",I67="SIM",J67="SIM"),"OK","NOK")) -> OK | L67: Sem foto fachada | N67: Qualidade | O67: =IF(B67="","",IFERROR(IF(VLOOKUP(B67,AUXILIAR!$O$2:$P$50,2,FALSE)="","CADASTRAR GERENTE",VLOOKUP(B67,AUXILIAR!$O$2:$P$50,2,FALSE)),"CADASTRAR GERENTE")) -> Cleonice | P67: =IF(C67="","",TEXT(A67,"yyyymmdd")&"-"&B67&"-"&C67) -> yyyy0511-Loja Valparaiso-3971
A68: 46153 | B68: Loja Valparaiso | C68: 3972 | D68: Wederson C. | E68: Entrega Total | F68: SIM | G68: SIM | H68: SIM | I68: SIM | J68: =IF(C68="","",IF(E68="Retorno Total"," ",IF(E68="Cancelado"," ",IF(AND(G68="SIM",H68="SIM"),"SIM","NÃO")))) -> SIM | K68: =IF(C68="","",IF(AND(F68="SIM",I68="SIM",J68="SIM"),"OK","NOK")) -> OK | L68: Sem foto fachada | N68: Qualidade | O68: =IF(B68="","",IFERROR(IF(VLOOKUP(B68,AUXILIAR!$O$2:$P$50,2,FALSE)="","CADASTRAR GERENTE",VLOOKUP(B68,AUXILIAR!$O$2:$P$50,2,FALSE)),"CADASTRAR GERENTE")) -> Cleonice | P68: =IF(C68="","",TEXT(A68,"yyyymmdd")&"-"&B68&"-"&C68) -> yyyy0511-Loja Valparaiso-3972
A69: 46153 | B69: Loja Valparaiso | C69: 3973 | D69: Wederson C. | E69: Cancelado | J69: =IF(C69="","",IF(E69="Retorno Total"," ",IF(E69="Cancelado"," ",IF(AND(G69="SIM",H69="SIM"),"SIM","NÃO")))) | K69: =IF(C69="","",IF(AND(F69="SIM",I69="SIM",J69="SIM"),"OK","NOK")) -> NOK | L69: Manifesto cancelado | N69: Qualidade | O69: =IF(B69="","",IFERROR(IF(VLOOKUP(B69,AUXILIAR!$O$2:$P$50,2,FALSE)="","CADASTRAR GERENTE",VLOOKUP(B69,AUXILIAR!$O$2:$P$50,2,FALSE)),"CADASTRAR GERENTE")) -> Cleonice | P69: =IF(C69="","",TEXT(A69,"yyyymmdd")&"-"&B69&"-"&C69) -> yyyy0511-Loja Valparaiso-3973
A70: 46153 | B70: Loja ADE | C70: 3974 | D70: João Lucas | E70: Entrega Total | F70: NÃO | G70: NÃO | H70: NÃO | I70: SIM | J70: =IF(C70="","",IF(E70="Retorno Total"," ",IF(E70="Cancelado"," ",IF(AND(G70="SIM",H70="SIM"),"SIM","NÃO")))) -> NÃO | K70: =IF(C70="","",IF(AND(F70="SIM",I70="SIM",J70="SIM"),"OK","NOK")) -> NOK | L70: Outro | M70: Manifesto não entregue pelo app | N70: Qualidade | O70: =IF(B70="","",IFERROR(IF(VLOOKUP(B70,AUXILIAR!$O$2:$P$50,2,FALSE)="","CADASTRAR GERENTE",VLOOKUP(B70,AUXILIAR!$O$2:$P$50,2,FALSE)),"CADASTRAR GERENTE")) -> Danilo | P70: =IF(C70="","",TEXT(A70,"yyyymmdd")&"-"&B70&"-"&C70) -> yyyy0511-Loja ADE-3974
A71: 46150 | B71: Loja Asa Norte | C71: 3976 | D71: J. Alessandro | E71: Entrega Total | F71: NÃO | G71: NÃO | H71: NÃO | I71: SIM | J71: =IF(C71="","",IF(E71="Retorno Total"," ",IF(E71="Cancelado"," ",IF(AND(G71="SIM",H71="SIM"),"SIM","NÃO")))) -> NÃO | K71: =IF(C71="","",IF(AND(F71="SIM",I71="SIM",J71="SIM"),"OK","NOK")) -> NOK | L71: Outro | M71: Manifesto não entregue pelo app | N71: Qualidade | O71: =IF(B71="","",IFERROR(IF(VLOOKUP(B71,AUXILIAR!$O$2:$P$50,2,FALSE)="","CADASTRAR GERENTE",VLOOKUP(B71,AUXILIAR!$O$2:$P$50,2,FALSE)),"CADASTRAR GERENTE")) -> Neudo | P71: =IF(C71="","",TEXT(A71,"yyyymmdd")&"-"&B71&"-"&C71) -> yyyy0508-Loja Asa Norte-3976
A72: 46150 | B72: Loja Asa Norte | C72: 3977 | D72: J. Alessandro | E72: Entrega Total | F72: NÃO | G72: NÃO | H72: NÃO | I72: SIM | J72: =IF(C72="","",IF(E72="Retorno Total"," ",IF(E72="Cancelado"," ",IF(AND(G72="SIM",H72="SIM"),"SIM","NÃO")))) -> NÃO | K72: =IF(C72="","",IF(AND(F72="SIM",I72="SIM",J72="SIM"),"OK","NOK")) -> NOK | L72: Outro | M72: Manifesto não entregue pelo app | N72: Qualidade | O72: =IF(B72="","",IFERROR(IF(VLOOKUP(B72,AUXILIAR!$O$2:$P$50,2,FALSE)="","CADASTRAR GERENTE",VLOOKUP(B72,AUXILIAR!$O$2:$P$50,2,FALSE)),"CADASTRAR GERENTE")) -> Neudo | P72: =IF(C72="","",TEXT(A72,"yyyymmdd")&"-"&B72&"-"&C72) -> yyyy0508-Loja Asa Norte-3977
A73: 46150 | B73: Loja ADE | C73: 3978 | D73: João Lucas | E73: Entrega Total | F73: SIM | G73: SIM | H73: SIM | I73: SIM | J73: =IF(C73="","",IF(E73="Retorno Total"," ",IF(E73="Cancelado"," ",IF(AND(G73="SIM",H73="SIM"),"SIM","NÃO")))) -> SIM | K73: =IF(C73="","",IF(AND(F73="SIM",I73="SIM",J73="SIM"),"OK","NOK")) -> OK | L73: OK | N73: Qualidade | O73: =IF(B73="","",IFERROR(IF(VLOOKUP(B73,AUXILIAR!$O$2:$P$50,2,FALSE)="","CADASTRAR GERENTE",VLOOKUP(B73,AUXILIAR!$O$2:$P$50,2,FALSE)),"CADASTRAR GERENTE")) -> Danilo | P73: =IF(C73="","",TEXT(A73,"yyyymmdd")&"-"&B73&"-"&C73) -> yyyy0508-Loja ADE-3978
A74: 46150 | B74: Loja Pistão | C74: 3979 | D74: João Lucas | E74: Entrega Total | F74: SIM | G74: SIM | H74: SIM | I74: SIM | J74: =IF(C74="","",IF(E74="Retorno Total"," ",IF(E74="Cancelado"," ",IF(AND(G74="SIM",H74="SIM"),"SIM","NÃO")))) -> SIM | K74: =IF(C74="","",IF(AND(F74="SIM",I74="SIM",J74="SIM"),"OK","NOK")) -> OK | L74: Sem foto fachada | N74: Qualidade | O74: =IF(B74="","",IFERROR(IF(VLOOKUP(B74,AUXILIAR!$O$2:$P$50,2,FALSE)="","CADASTRAR GERENTE",VLOOKUP(B74,AUXILIAR!$O$2:$P$50,2,FALSE)),"CADASTRAR GERENTE")) -> Cinthya | P74: =IF(C74="","",TEXT(A74,"yyyymmdd")&"-"&B74&"-"&C74) -> yyyy0508-Loja Pistão-3979
A75: 46150 | B75: Loja Pistão | C75: 3980 | D75: João Lucas | E75: Entrega Total | F75: SIM | G75: SIM | H75: SIM | I75: SIM | J75: =IF(C75="","",IF(E75="Retorno Total"," ",IF(E75="Cancelado"," ",IF(AND(G75="SIM",H75="SIM"),"SIM","NÃO")))) -> SIM | K75: =IF(C75="","",IF(AND(F75="SIM",I75="SIM",J75="SIM"),"OK","NOK")) -> OK | L75: Sem foto fachada | N75: Qualidade | O75: =IF(B75="","",IFERROR(IF(VLOOKUP(B75,AUXILIAR!$O$2:$P$50,2,FALSE)="","CADASTRAR GERENTE",VLOOKUP(B75,AUXILIAR!$O$2:$P$50,2,FALSE)),"CADASTRAR GERENTE")) -> Cinthya | P75: =IF(C75="","",TEXT(A75,"yyyymmdd")&"-"&B75&"-"&C75) -> yyyy0508-Loja Pistão-3980
A76: 46150 | B76: Loja Asa Norte | C76: 3981 | D76: J. Alessandro | E76: Entrega Total | F76: NÃO | G76: NÃO | H76: NÃO | I76: SIM | J76: =IF(C76="","",IF(E76="Retorno Total"," ",IF(E76="Cancelado"," ",IF(AND(G76="SIM",H76="SIM"),"SIM","NÃO")))) -> NÃO | K76: =IF(C76="","",IF(AND(F76="SIM",I76="SIM",J76="SIM"),"OK","NOK")) -> NOK | L76: Outro | M76: Manifesto não entregue pelo app | N76: Qualidade | O76: =IF(B76="","",IFERROR(IF(VLOOKUP(B76,AUXILIAR!$O$2:$P$50,2,FALSE)="","CADASTRAR GERENTE",VLOOKUP(B76,AUXILIAR!$O$2:$P$50,2,FALSE)),"CADASTRAR GERENTE")) -> Neudo | P76: =IF(C76="","",TEXT(A76,"yyyymmdd")&"-"&B76&"-"&C76) -> yyyy0508-Loja Asa Norte-3981
A77: 46150 | B77: Loja Asa Norte | C77: 3982 | D77: J. Alessandro | E77: Entrega Total | F77: NÃO | G77: NÃO | H77: NÃO | I77: SIM | J77: =IF(C77="","",IF(E77="Retorno Total"," ",IF(E77="Cancelado"," ",IF(AND(G77="SIM",H77="SIM"),"SIM","NÃO")))) -> NÃO | K77: =IF(C77="","",IF(AND(F77="SIM",I77="SIM",J77="SIM"),"OK","NOK")) -> NOK | L77: Outro | M77: Manifesto não entregue pelo app | N77: Qualidade | O77: =IF(B77="","",IFERROR(IF(VLOOKUP(B77,AUXILIAR!$O$2:$P$50,2,FALSE)="","CADASTRAR GERENTE",VLOOKUP(B77,AUXILIAR!$O$2:$P$50,2,FALSE)),"CADASTRAR GERENTE")) -> Neudo | P77: =IF(C77="","",TEXT(A77,"yyyymmdd")&"-"&B77&"-"&C77) -> yyyy0508-Loja Asa Norte-3982
A78: 46150 | B78: Loja Asa Norte | C78: 3983 | D78: J. Alessandro | E78: Entrega Total | F78: NÃO | G78: NÃO | H78: NÃO | I78: SIM | J78: =IF(C78="","",IF(E78="Retorno Total"," ",IF(E78="Cancelado"," ",IF(AND(G78="SIM",H78="SIM"),"SIM","NÃO")))) -> NÃO | K78: =IF(C78="","",IF(AND(F78="SIM",I78="SIM",J78="SIM"),"OK","NOK")) -> NOK | L78: Outro | M78: Manifesto não entregue pelo app | N78: Qualidade | O78: =IF(B78="","",IFERROR(IF(VLOOKUP(B78,AUXILIAR!$O$2:$P$50,2,FALSE)="","CADASTRAR GERENTE",VLOOKUP(B78,AUXILIAR!$O$2:$P$50,2,FALSE)),"CADASTRAR GERENTE")) -> Neudo | P78: =IF(C78="","",TEXT(A78,"yyyymmdd")&"-"&B78&"-"&C78) -> yyyy0508-Loja Asa Norte-3983
A79: 46150 | B79: Loja Asa Norte | C79: 3984 | D79: J. Alessandro | E79: Entrega Total | F79: NÃO | G79: NÃO | H79: NÃO | I79: SIM | J79: =IF(C79="","",IF(E79="Retorno Total"," ",IF(E79="Cancelado"," ",IF(AND(G79="SIM",H79="SIM"),"SIM","NÃO")))) -> NÃO | K79: =IF(C79="","",IF(AND(F79="SIM",I79="SIM",J79="SIM"),"OK","NOK")) -> NOK | L79: Outro | M79: Manifesto não entregue pelo app | N79: Qualidade | O79: =IF(B79="","",IFERROR(IF(VLOOKUP(B79,AUXILIAR!$O$2:$P$50,2,FALSE)="","CADASTRAR GERENTE",VLOOKUP(B79,AUXILIAR!$O$2:$P$50,2,FALSE)),"CADASTRAR GERENTE")) -> Neudo | P79: =IF(C79="","",TEXT(A79,"yyyymmdd")&"-"&B79&"-"&C79) -> yyyy0508-Loja Asa Norte-3984
A80: 46150 | B80: Loja ADE | C80: 3985 | D80: João Lucas | E80: Entrega Total | F80: SIM | G80: SIM | H80: SIM | I80: SIM | J80: =IF(C80="","",IF(E80="Retorno Total"," ",IF(E80="Cancelado"," ",IF(AND(G80="SIM",H80="SIM"),"SIM","NÃO")))) -> SIM | K80: =IF(C80="","",IF(AND(F80="SIM",I80="SIM",J80="SIM"),"OK","NOK")) -> OK | L80: Sem foto fachada | N80: Qualidade | O80: =IF(B80="","",IFERROR(IF(VLOOKUP(B80,AUXILIAR!$O$2:$P$50,2,FALSE)="","CADASTRAR GERENTE",VLOOKUP(B80,AUXILIAR!$O$2:$P$50,2,FALSE)),"CADASTRAR GERENTE")) -> Danilo | P80: =IF(C80="","",TEXT(A80,"yyyymmdd")&"-"&B80&"-"&C80) -> yyyy0508-Loja ADE-3985
A81: 46150 | B81: Loja Asa Norte | C81: 3988 | D81: J. Alessandro | E81: Entrega Total | F81: NÃO | G81: NÃO | H81: NÃO | I81: SIM | J81: =IF(C81="","",IF(E81="Retorno Total"," ",IF(E81="Cancelado"," ",IF(AND(G81="SIM",H81="SIM"),"SIM","NÃO")))) -> NÃO | K81: =IF(C81="","",IF(AND(F81="SIM",I81="SIM",J81="SIM"),"OK","NOK")) -> NOK | L81: Outro | M81: Manifesto não entregue pelo app | N81: Qualidade | O81: =IF(B81="","",IFERROR(IF(VLOOKUP(B81,AUXILIAR!$O$2:$P$50,2,FALSE)="","CADASTRAR GERENTE",VLOOKUP(B81,AUXILIAR!$O$2:$P$50,2,FALSE)),"CADASTRAR GERENTE")) -> Neudo | P81: =IF(C81="","",TEXT(A81,"yyyymmdd")&"-"&B81&"-"&C81) -> yyyy0508-Loja Asa Norte-3988
A82: 46150 | B82: Loja Pistão | C82: 3989 | D82: João Lucas | E82: Entrega Total | F82: SIM | G82: SIM | H82: SIM | I82: SIM | J82: =IF(C82="","",IF(E82="Retorno Total"," ",IF(E82="Cancelado"," ",IF(AND(G82="SIM",H82="SIM"),"SIM","NÃO")))) -> SIM | K82: =IF(C82="","",IF(AND(F82="SIM",I82="SIM",J82="SIM"),"OK","NOK")) -> OK | L82: Sem foto fachada | N82: Qualidade | O82: =IF(B82="","",IFERROR(IF(VLOOKUP(B82,AUXILIAR!$O$2:$P$50,2,FALSE)="","CADASTRAR GERENTE",VLOOKUP(B82,AUXILIAR!$O$2:$P$50,2,FALSE)),"CADASTRAR GERENTE")) -> Cinthya | P82: =IF(C82="","",TEXT(A82,"yyyymmdd")&"-"&B82&"-"&C82) -> yyyy0508-Loja Pistão-3989
A83: 46153 | B83: Loja ADE | C83: 3991 | D83: João Lucas | E83: Entrega Total | F83: SIM | G83: SIM | H83: SIM | I83: SIM | J83: =IF(C83="","",IF(E83="Retorno Total"," ",IF(E83="Cancelado"," ",IF(AND(G83="SIM",H83="SIM"),"SIM","NÃO")))) -> SIM | K83: =IF(C83="","",IF(AND(F83="SIM",I83="SIM",J83="SIM"),"OK","NOK")) -> OK | L83: OK | N83: Qualidade | O83: =IF(B83="","",IFERROR(IF(VLOOKUP(B83,AUXILIAR!$O$2:$P$50,2,FALSE)="","CADASTRAR GERENTE",VLOOKUP(B83,AUXILIAR!$O$2:$P$50,2,FALSE)),"CADASTRAR GERENTE")) -> Danilo | P83: =IF(C83="","",TEXT(A83,"yyyymmdd")&"-"&B83&"-"&C83) -> yyyy0511-Loja ADE-3991
A84: 46153 | B84: Loja Valparaiso | C84: 3992 | D84: Wederson C. | E84: Entrega Total | F84: SIM | G84: SIM | H84: SIM | I84: SIM | J84: =IF(C84="","",IF(E84="Retorno Total"," ",IF(E84="Cancelado"," ",IF(AND(G84="SIM",H84="SIM"),"SIM","NÃO")))) -> SIM | K84: =IF(C84="","",IF(AND(F84="SIM",I84="SIM",J84="SIM"),"OK","NOK")) -> OK | L84: Sem foto fachada | N84: Qualidade | O84: =IF(B84="","",IFERROR(IF(VLOOKUP(B84,AUXILIAR!$O$2:$P$50,2,FALSE)="","CADASTRAR GERENTE",VLOOKUP(B84,AUXILIAR!$O$2:$P$50,2,FALSE)),"CADASTRAR GERENTE")) -> Cleonice | P84: =IF(C84="","",TEXT(A84,"yyyymmdd")&"-"&B84&"-"&C84) -> yyyy0511-Loja Valparaiso-3992
A85: 46153 | B85: Loja ADE | C85: 3993 | D85: João Lucas | E85: Entrega Total | F85: NÃO | G85: NÃO | H85: NÃO | I85: SIM | J85: =IF(C85="","",IF(E85="Retorno Total"," ",IF(E85="Cancelado"," ",IF(AND(G85="SIM",H85="SIM"),"SIM","NÃO")))) -> NÃO | K85: =IF(C85="","",IF(AND(F85="SIM",I85="SIM",J85="SIM"),"OK","NOK")) -> NOK | L85: Outro | M85: Manifesto não entregue pelo app | N85: Qualidade | O85: =IF(B85="","",IFERROR(IF(VLOOKUP(B85,AUXILIAR!$O$2:$P$50,2,FALSE)="","CADASTRAR GERENTE",VLOOKUP(B85,AUXILIAR!$O$2:$P$50,2,FALSE)),"CADASTRAR GERENTE")) -> Danilo | P85: =IF(C85="","",TEXT(A85,"yyyymmdd")&"-"&B85&"-"&C85) -> yyyy0511-Loja ADE-3993
A86: 46153 | B86: Loja Valparaiso | C86: 3994 | D86: Wederson C. | E86: Entrega Total | F86: SIM | G86: SIM | H86: SIM | I86: SIM | J86: =IF(C86="","",IF(E86="Retorno Total"," ",IF(E86="Cancelado"," ",IF(AND(G86="SIM",H86="SIM"),"SIM","NÃO")))) -> SIM | K86: =IF(C86="","",IF(AND(F86="SIM",I86="SIM",J86="SIM"),"OK","NOK")) -> OK | L86: Sem foto fachada | N86: Qualidade | O86: =IF(B86="","",IFERROR(IF(VLOOKUP(B86,AUXILIAR!$O$2:$P$50,2,FALSE)="","CADASTRAR GERENTE",VLOOKUP(B86,AUXILIAR!$O$2:$P$50,2,FALSE)),"CADASTRAR GERENTE")) -> Cleonice | P86: =IF(C86="","",TEXT(A86,"yyyymmdd")&"-"&B86&"-"&C86) -> yyyy0511-Loja Valparaiso-3994
A87: 46153 | B87: Loja Valparaiso | C87: 3995 | D87: Wederson C. | E87: Entrega Total | F87: SIM | G87: SIM | H87: SIM | I87: SIM | J87: =IF(C87="","",IF(E87="Retorno Total"," ",IF(E87="Cancelado"," ",IF(AND(G87="SIM",H87="SIM"),"SIM","NÃO")))) -> SIM | K87: =IF(C87="","",IF(AND(F87="SIM",I87="SIM",J87="SIM"),"OK","NOK")) -> OK | L87: Sem foto fachada | N87: Qualidade | O87: =IF(B87="","",IFERROR(IF(VLOOKUP(B87,AUXILIAR!$O$2:$P$50,2,FALSE)="","CADASTRAR GERENTE",VLOOKUP(B87,AUXILIAR!$O$2:$P$50,2,FALSE)),"CADASTRAR GERENTE")) -> Cleonice | P87: =IF(C87="","",TEXT(A87,"yyyymmdd")&"-"&B87&"-"&C87) -> yyyy0511-Loja Valparaiso-3995
A88: 46153 | B88: Loja Pistão | C88: 3996 | D88: João Lucas | E88: Entrega Total | F88: NÃO | G88: NÃO | H88: NÃO | I88: SIM | J88: =IF(C88="","",IF(E88="Retorno Total"," ",IF(E88="Cancelado"," ",IF(AND(G88="SIM",H88="SIM"),"SIM","NÃO")))) -> NÃO | K88: =IF(C88="","",IF(AND(F88="SIM",I88="SIM",J88="SIM"),"OK","NOK")) -> NOK | L88: Outro | M88: Manifesto não entregue pelo app | N88: Qualidade | O88: =IF(B88="","",IFERROR(IF(VLOOKUP(B88,AUXILIAR!$O$2:$P$50,2,FALSE)="","CADASTRAR GERENTE",VLOOKUP(B88,AUXILIAR!$O$2:$P$50,2,FALSE)),"CADASTRAR GERENTE")) -> Cinthya | P88: =IF(C88="","",TEXT(A88,"yyyymmdd")&"-"&B88&"-"&C88) -> yyyy0511-Loja Pistão-3996
A89: 46153 | B89: Loja Valparaiso | C89: 3997 | D89: Wederson C. | E89: Entrega Total | F89: SIM | G89: SIM | H89: SIM | I89: SIM | J89: =IF(C89="","",IF(E89="Retorno Total"," ",IF(E89="Cancelado"," ",IF(AND(G89="SIM",H89="SIM"),"SIM","NÃO")))) -> SIM | K89: =IF(C89="","",IF(AND(F89="SIM",I89="SIM",J89="SIM"),"OK","NOK")) -> OK | L89: Sem foto fachada | N89: Qualidade | O89: =IF(B89="","",IFERROR(IF(VLOOKUP(B89,AUXILIAR!$O$2:$P$50,2,FALSE)="","CADASTRAR GERENTE",VLOOKUP(B89,AUXILIAR!$O$2:$P$50,2,FALSE)),"CADASTRAR GERENTE")) -> Cleonice | P89: =IF(C89="","",TEXT(A89,"yyyymmdd")&"-"&B89&"-"&C89) -> yyyy0511-Loja Valparaiso-3997
A90: 46153 | B90: Loja Valparaiso | C90: 3998 | D90: Wederson C. | E90: Entrega Total | F90: SIM | G90: SIM | H90: SIM | I90: SIM | J90: =IF(C90="","",IF(E90="Retorno Total"," ",IF(E90="Cancelado"," ",IF(AND(G90="SIM",H90="SIM"),"SIM","NÃO")))) -> SIM | K90: =IF(C90="","",IF(AND(F90="SIM",I90="SIM",J90="SIM"),"OK","NOK")) -> OK | L90: Sem foto fachada | N90: Qualidade | O90: =IF(B90="","",IFERROR(IF(VLOOKUP(B90,AUXILIAR!$O$2:$P$50,2,FALSE)="","CADASTRAR GERENTE",VLOOKUP(B90,AUXILIAR!$O$2:$P$50,2,FALSE)),"CADASTRAR GERENTE")) -> Cleonice | P90: =IF(C90="","",TEXT(A90,"yyyymmdd")&"-"&B90&"-"&C90) -> yyyy0511-Loja Valparaiso-3998
A91: 46153 | B91: Loja Valparaiso | C91: 3999 | D91: Wederson C. | E91: Entrega Total | F91: SIM | G91: SIM | H91: SIM | I91: SIM | J91: =IF(C91="","",IF(E91="Retorno Total"," ",IF(E91="Cancelado"," ",IF(AND(G91="SIM",H91="SIM"),"SIM","NÃO")))) -> SIM | K91: =IF(C91="","",IF(AND(F91="SIM",I91="SIM",J91="SIM"),"OK","NOK")) -> OK | L91: Sem foto fachada | N91: Qualidade | O91: =IF(B91="","",IFERROR(IF(VLOOKUP(B91,AUXILIAR!$O$2:$P$50,2,FALSE)="","CADASTRAR GERENTE",VLOOKUP(B91,AUXILIAR!$O$2:$P$50,2,FALSE)),"CADASTRAR GERENTE")) -> Cleonice | P91: =IF(C91="","",TEXT(A91,"yyyymmdd")&"-"&B91&"-"&C91) -> yyyy0511-Loja Valparaiso-3999
A92: 46153 | B92: Loja Pistão | C92: 4000 | D92: João Lucas | E92: Entrega Total | F92: NÃO | G92: NÃO | H92: NÃO | I92: SIM | J92: =IF(C92="","",IF(E92="Retorno Total"," ",IF(E92="Cancelado"," ",IF(AND(G92="SIM",H92="SIM"),"SIM","NÃO")))) -> NÃO | K92: =IF(C92="","",IF(AND(F92="SIM",I92="SIM",J92="SIM"),"OK","NOK")) -> NOK | L92: Outro | M92: Manifesto não entregue pelo app | N92: Qualidade | O92: =IF(B92="","",IFERROR(IF(VLOOKUP(B92,AUXILIAR!$O$2:$P$50,2,FALSE)="","CADASTRAR GERENTE",VLOOKUP(B92,AUXILIAR!$O$2:$P$50,2,FALSE)),"CADASTRAR GERENTE")) -> Cinthya | P92: =IF(C92="","",TEXT(A92,"yyyymmdd")&"-"&B92&"-"&C92) -> yyyy0511-Loja Pistão-4000
A93: 46154 | B93: Loja Valparaiso | C93: 4006 | D93: Wederson C. | E93: Entrega Total | F93: SIM | G93: SIM | H93: SIM | I93: SIM | J93: =IF(C93="","",IF(E93="Retorno Total"," ",IF(E93="Cancelado"," ",IF(AND(G93="SIM",H93="SIM"),"SIM","NÃO")))) -> SIM | K93: =IF(C93="","",IF(AND(F93="SIM",I93="SIM",J93="SIM"),"OK","NOK")) -> OK | L93: Sem foto fachada | N93: Qualidade | O93: =IF(B93="","",IFERROR(IF(VLOOKUP(B93,AUXILIAR!$O$2:$P$50,2,FALSE)="","CADASTRAR GERENTE",VLOOKUP(B93,AUXILIAR!$O$2:$P$50,2,FALSE)),"CADASTRAR GERENTE")) -> Cleonice | P93: =IF(C93="","",TEXT(A93,"yyyymmdd")&"-"&B93&"-"&C93) -> yyyy0512-Loja Valparaiso-4006
A94: 46154 | B94: Loja Valparaiso | C94: 4007 | D94: Wederson C. | E94: Entrega Total | F94: SIM | G94: SIM | H94: SIM | I94: SIM | J94: =IF(C94="","",IF(E94="Retorno Total"," ",IF(E94="Cancelado"," ",IF(AND(G94="SIM",H94="SIM"),"SIM","NÃO")))) -> SIM | K94: =IF(C94="","",IF(AND(F94="SIM",I94="SIM",J94="SIM"),"OK","NOK")) -> OK | L94: Sem foto fachada | N94: Qualidade | O94: =IF(B94="","",IFERROR(IF(VLOOKUP(B94,AUXILIAR!$O$2:$P$50,2,FALSE)="","CADASTRAR GERENTE",VLOOKUP(B94,AUXILIAR!$O$2:$P$50,2,FALSE)),"CADASTRAR GERENTE")) -> Cleonice | P94: =IF(C94="","",TEXT(A94,"yyyymmdd")&"-"&B94&"-"&C94) -> yyyy0512-Loja Valparaiso-4007
A95: 46154 | B95: Loja Valparaiso | C95: 4008 | D95: Wederson C. | E95: Entrega Total | F95: SIM | G95: SIM | H95: SIM | I95: SIM | J95: =IF(C95="","",IF(E95="Retorno Total"," ",IF(E95="Cancelado"," ",IF(AND(G95="SIM",H95="SIM"),"SIM","NÃO")))) -> SIM | K95: =IF(C95="","",IF(AND(F95="SIM",I95="SIM",J95="SIM"),"OK","NOK")) -> OK | L95: Sem foto fachada | N95: Qualidade | O95: =IF(B95="","",IFERROR(IF(VLOOKUP(B95,AUXILIAR!$O$2:$P$50,2,FALSE)="","CADASTRAR GERENTE",VLOOKUP(B95,AUXILIAR!$O$2:$P$50,2,FALSE)),"CADASTRAR GERENTE")) -> Cleonice | P95: =IF(C95="","",TEXT(A95,"yyyymmdd")&"-"&B95&"-"&C95) -> yyyy0512-Loja Valparaiso-4008
A96: 46154 | B96: Loja Valparaiso | C96: 4009 | D96: Wederson C. | E96: Entrega Total | F96: SIM | G96: SIM | H96: SIM | I96: SIM | J96: =IF(C96="","",IF(E96="Retorno Total"," ",IF(E96="Cancelado"," ",IF(AND(G96="SIM",H96="SIM"),"SIM","NÃO")))) -> SIM | K96: =IF(C96="","",IF(AND(F96="SIM",I96="SIM",J96="SIM"),"OK","NOK")) -> OK | L96: Sem foto fachada | N96: Qualidade | O96: =IF(B96="","",IFERROR(IF(VLOOKUP(B96,AUXILIAR!$O$2:$P$50,2,FALSE)="","CADASTRAR GERENTE",VLOOKUP(B96,AUXILIAR!$O$2:$P$50,2,FALSE)),"CADASTRAR GERENTE")) -> Cleonice | P96: =IF(C96="","",TEXT(A96,"yyyymmdd")&"-"&B96&"-"&C96) -> yyyy0512-Loja Valparaiso-4009
A97: 46156 | B97: Loja ADE | C97: 4011 | D97: João Lucas | E97: Entrega Total | F97: SIM | G97: SIM | H97: SIM | I97: SIM | J97: =IF(C97="","",IF(E97="Retorno Total"," ",IF(E97="Cancelado"," ",IF(AND(G97="SIM",H97="SIM"),"SIM","NÃO")))) -> SIM | K97: =IF(C97="","",IF(AND(F97="SIM",I97="SIM",J97="SIM"),"OK","NOK")) -> OK | L97: OK | N97: Qualidade | O97: =IF(B97="","",IFERROR(IF(VLOOKUP(B97,AUXILIAR!$O$2:$P$50,2,FALSE)="","CADASTRAR GERENTE",VLOOKUP(B97,AUXILIAR!$O$2:$P$50,2,FALSE)),"CADASTRAR GERENTE")) -> Danilo | P97: =IF(C97="","",TEXT(A97,"yyyymmdd")&"-"&B97&"-"&C97) -> yyyy0514-Loja ADE-4011
A98: 46156 | B98: Loja ADE | C98: 4012 | D98: João Lucas | E98: Retorno Total | J98: =IF(C98="","",IF(E98="Retorno Total"," ",IF(E98="Cancelado"," ",IF(AND(G98="SIM",H98="SIM"),"SIM","NÃO")))) | K98: =IF(C98="","",IF(AND(F98="SIM",I98="SIM",J98="SIM"),"OK","NOK")) -> NOK | L98: Outro | N98: Qualidade | O98: =IF(B98="","",IFERROR(IF(VLOOKUP(B98,AUXILIAR!$O$2:$P$50,2,FALSE)="","CADASTRAR GERENTE",VLOOKUP(B98,AUXILIAR!$O$2:$P$50,2,FALSE)),"CADASTRAR GERENTE")) -> Danilo | P98: =IF(C98="","",TEXT(A98,"yyyymmdd")&"-"&B98&"-"&C98) -> yyyy0514-Loja ADE-4012
A99: 46156 | B99: Loja Asa Norte | C99: 4013 | D99: J. Alessandro | E99: Entrega Total | F99: NÃO | G99: NÃO | H99: NÃO | I99: SIM | J99: =IF(C99="","",IF(E99="Retorno Total"," ",IF(E99="Cancelado"," ",IF(AND(G99="SIM",H99="SIM"),"SIM","NÃO")))) -> NÃO | K99: =IF(C99="","",IF(AND(F99="SIM",I99="SIM",J99="SIM"),"OK","NOK")) -> NOK | L99: Outro | M99: Manifesto não entregue pelo app | N99: Qualidade | O99: =IF(B99="","",IFERROR(IF(VLOOKUP(B99,AUXILIAR!$O$2:$P$50,2,FALSE)="","CADASTRAR GERENTE",VLOOKUP(B99,AUXILIAR!$O$2:$P$50,2,FALSE)),"CADASTRAR GERENTE")) -> Neudo | P99: =IF(C99="","",TEXT(A99,"yyyymmdd")&"-"&B99&"-"&C99) -> yyyy0514-Loja Asa Norte-4013
A100: 46156 | B100: Loja Asa Norte | C100: 4014 | D100: J. Alessandro | E100: Entrega Total | F100: NÃO | G100: NÃO | H100: NÃO | I100: SIM | J100: =IF(C100="","",IF(E100="Retorno Total"," ",IF(E100="Cancelado"," ",IF(AND(G100="SIM",H100="SIM"),"SIM","NÃO")))) -> NÃO | K100: =IF(C100="","",IF(AND(F100="SIM",I100="SIM",J100="SIM"),"OK","NOK")) -> NOK | L100: Outro | M100: Manifesto não entregue pelo app | N100: Qualidade | O100: =IF(B100="","",IFERROR(IF(VLOOKUP(B100,AUXILIAR!$O$2:$P$50,2,FALSE)="","CADASTRAR GERENTE",VLOOKUP(B100,AUXILIAR!$O$2:$P$50,2,FALSE)),"CADASTRAR GERENTE")) -> Neudo | P100: =IF(C100="","",TEXT(A100,"yyyymmdd")&"-"&B100&"-"&C100) -> yyyy0514-Loja Asa Norte-4014
A101: 46156 | B101: Loja ADE | C101: 4015 | D101: João Lucas | E101: Entrega Total | F101: SIM | G101: SIM | H101: SIM | I101: SIM | J101: =IF(C101="","",IF(E101="Retorno Total"," ",IF(E101="Cancelado"," ",IF(AND(G101="SIM",H101="SIM"),"SIM","NÃO")))) -> SIM | K101: =IF(C101="","",IF(AND(F101="SIM",I101="SIM",J101="SIM"),"OK","NOK")) -> OK | L101: Sem foto fachada | N101: Qualidade | O101: =IF(B101="","",IFERROR(IF(VLOOKUP(B101,AUXILIAR!$O$2:$P$50,2,FALSE)="","CADASTRAR GERENTE",VLOOKUP(B101,AUXILIAR!$O$2:$P$50,2,FALSE)),"CADASTRAR GERENTE")) -> Danilo | P101: =IF(C101="","",TEXT(A101,"yyyymmdd")&"-"&B101&"-"&C101) -> yyyy0514-Loja ADE-4015
A102: 46156 | B102: Loja Asa Norte | C102: 4016 | D102: J. Alessandro | E102: Entrega Total | F102: NÃO | G102: NÃO | H102: NÃO | I102: SIM | J102: =IF(C102="","",IF(E102="Retorno Total"," ",IF(E102="Cancelado"," ",IF(AND(G102="SIM",H102="SIM"),"SIM","NÃO")))) -> NÃO | K102: =IF(C102="","",IF(AND(F102="SIM",I102="SIM",J102="SIM"),"OK","NOK")) -> NOK | L102: Outro | M102: Manifesto não entregue pelo app | N102: Qualidade | O102: =IF(B102="","",IFERROR(IF(VLOOKUP(B102,AUXILIAR!$O$2:$P$50,2,FALSE)="","CADASTRAR GERENTE",VLOOKUP(B102,AUXILIAR!$O$2:$P$50,2,FALSE)),"CADASTRAR GERENTE")) -> Neudo | P102: =IF(C102="","",TEXT(A102,"yyyymmdd")&"-"&B102&"-"&C102) -> yyyy0514-Loja Asa Norte-4016
A103: 46156 | B103: Loja Pistão | C103: 4017 | D103: João Lucas | E103: Entrega Total | F103: SIM | G103: SIM | H103: SIM | I103: SIM | J103: =IF(C103="","",IF(E103="Retorno Total"," ",IF(E103="Cancelado"," ",IF(AND(G103="SIM",H103="SIM"),"SIM","NÃO")))) -> SIM | K103: =IF(C103="","",IF(AND(F103="SIM",I103="SIM",J103="SIM"),"OK","NOK")) -> OK | L103: OK | N103: Qualidade | O103: =IF(B103="","",IFERROR(IF(VLOOKUP(B103,AUXILIAR!$O$2:$P$50,2,FALSE)="","CADASTRAR GERENTE",VLOOKUP(B103,AUXILIAR!$O$2:$P$50,2,FALSE)),"CADASTRAR GERENTE")) -> Cinthya | P103: =IF(C103="","",TEXT(A103,"yyyymmdd")&"-"&B103&"-"&C103) -> yyyy0514-Loja Pistão-4017
A104: 46156 | B104: Loja Pistão | C104: 4018 | D104: João Lucas | E104: Entrega Total | F104: SIM | G104: SIM | H104: SIM | I104: SIM | J104: =IF(C104="","",IF(E104="Retorno Total"," ",IF(E104="Cancelado"," ",IF(AND(G104="SIM",H104="SIM"),"SIM","NÃO")))) -> SIM | K104: =IF(C104="","",IF(AND(F104="SIM",I104="SIM",J104="SIM"),"OK","NOK")) -> OK | L104: OK | N104: Qualidade | O104: =IF(B104="","",IFERROR(IF(VLOOKUP(B104,AUXILIAR!$O$2:$P$50,2,FALSE)="","CADASTRAR GERENTE",VLOOKUP(B104,AUXILIAR!$O$2:$P$50,2,FALSE)),"CADASTRAR GERENTE")) -> Cinthya | P104: =IF(C104="","",TEXT(A104,"yyyymmdd")&"-"&B104&"-"&C104) -> yyyy0514-Loja Pistão-4018
A105: 46156 | B105: Loja Asa Norte | C105: 4019 | D105: J. Alessandro | E105: Cancelado | J105: =IF(C105="","",IF(E105="Retorno Total"," ",IF(E105="Cancelado"," ",IF(AND(G105="SIM",H105="SIM"),"SIM","NÃO")))) | K105: =IF(C105="","",IF(AND(F105="SIM",I105="SIM",J105="SIM"),"OK","NOK")) -> NOK | L105: Manifesto cancelado | N105: Qualidade | O105: =IF(B105="","",IFERROR(IF(VLOOKUP(B105,AUXILIAR!$O$2:$P$50,2,FALSE)="","CADASTRAR GERENTE",VLOOKUP(B105,AUXILIAR!$O$2:$P$50,2,FALSE)),"CADASTRAR GERENTE")) -> Neudo | P105: =IF(C105="","",TEXT(A105,"yyyymmdd")&"-"&B105&"-"&C105) -> yyyy0514-Loja Asa Norte-4019
A106: 46156 | B106: Loja Pistão | C106: 4020 | D106: João Lucas | E106: Entrega Total | F106: SIM | G106: SIM | H106: SIM | I106: SIM | J106: =IF(C106="","",IF(E106="Retorno Total"," ",IF(E106="Cancelado"," ",IF(AND(G106="SIM",H106="SIM"),"SIM","NÃO")))) -> SIM | K106: =IF(C106="","",IF(AND(F106="SIM",I106="SIM",J106="SIM"),"OK","NOK")) -> OK | L106: OK | N106: Qualidade | O106: =IF(B106="","",IFERROR(IF(VLOOKUP(B106,AUXILIAR!$O$2:$P$50,2,FALSE)="","CADASTRAR GERENTE",VLOOKUP(B106,AUXILIAR!$O$2:$P$50,2,FALSE)),"CADASTRAR GERENTE")) -> Cinthya | P106: =IF(C106="","",TEXT(A106,"yyyymmdd")&"-"&B106&"-"&C106) -> yyyy0514-Loja Pistão-4020
A107: 46156 | B107: Loja Asa Norte | C107: 4022 | D107: J. Alessandro | E107: Cancelado | J107: =IF(C107="","",IF(E107="Retorno Total"," ",IF(E107="Cancelado"," ",IF(AND(G107="SIM",H107="SIM"),"SIM","NÃO")))) | K107: =IF(C107="","",IF(AND(F107="SIM",I107="SIM",J107="SIM"),"OK","NOK")) -> NOK | L107: Manifesto cancelado | N107: Qualidade | O107: =IF(B107="","",IFERROR(IF(VLOOKUP(B107,AUXILIAR!$O$2:$P$50,2,FALSE)="","CADASTRAR GERENTE",VLOOKUP(B107,AUXILIAR!$O$2:$P$50,2,FALSE)),"CADASTRAR GERENTE")) -> Neudo | P107: =IF(C107="","",TEXT(A107,"yyyymmdd")&"-"&B107&"-"&C107) -> yyyy0514-Loja Asa Norte-4022
A108: 46156 | B108: Loja Asa Norte | C108: 4023 | D108: J. Alessandro | E108: Cancelado | J108: =IF(C108="","",IF(E108="Retorno Total"," ",IF(E108="Cancelado"," ",IF(AND(G108="SIM",H108="SIM"),"SIM","NÃO")))) | K108: =IF(C108="","",IF(AND(F108="SIM",I108="SIM",J108="SIM"),"OK","NOK")) -> NOK | L108: Manifesto cancelado | N108: Qualidade | O108: =IF(B108="","",IFERROR(IF(VLOOKUP(B108,AUXILIAR!$O$2:$P$50,2,FALSE)="","CADASTRAR GERENTE",VLOOKUP(B108,AUXILIAR!$O$2:$P$50,2,FALSE)),"CADASTRAR GERENTE")) -> Neudo | P108: =IF(C108="","",TEXT(A108,"yyyymmdd")&"-"&B108&"-"&C108) -> yyyy0514-Loja Asa Norte-4023
A109: 46156 | B109: Loja Pistão | C109: 4025 | D109: João Lucas | E109: Entrega Total | F109: SIM | G109: SIM | H109: SIM | I109: SIM | J109: =IF(C109="","",IF(E109="Retorno Total"," ",IF(E109="Cancelado"," ",IF(AND(G109="SIM",H109="SIM"),"SIM","NÃO")))) -> SIM | K109: =IF(C109="","",IF(AND(F109="SIM",I109="SIM",J109="SIM"),"OK","NOK")) -> OK | L109: OK | N109: Qualidade | O109: =IF(B109="","",IFERROR(IF(VLOOKUP(B109,AUXILIAR!$O$2:$P$50,2,FALSE)="","CADASTRAR GERENTE",VLOOKUP(B109,AUXILIAR!$O$2:$P$50,2,FALSE)),"CADASTRAR GERENTE")) -> Cinthya | P109: =IF(C109="","",TEXT(A109,"yyyymmdd")&"-"&B109&"-"&C109) -> yyyy0514-Loja Pistão-4025
A110: 46156 | B110: Loja Pistão | C110: 4026 | D110: João Lucas | E110: Entrega Total | F110: SIM | G110: SIM | H110: SIM | I110: SIM | J110: =IF(C110="","",IF(E110="Retorno Total"," ",IF(E110="Cancelado"," ",IF(AND(G110="SIM",H110="SIM"),"SIM","NÃO")))) -> SIM | K110: =IF(C110="","",IF(AND(F110="SIM",I110="SIM",J110="SIM"),"OK","NOK")) -> OK | L110: OK | N110: Qualidade | O110: =IF(B110="","",IFERROR(IF(VLOOKUP(B110,AUXILIAR!$O$2:$P$50,2,FALSE)="","CADASTRAR GERENTE",VLOOKUP(B110,AUXILIAR!$O$2:$P$50,2,FALSE)),"CADASTRAR GERENTE")) -> Cinthya | P110: =IF(C110="","",TEXT(A110,"yyyymmdd")&"-"&B110&"-"&C110) -> yyyy0514-Loja Pistão-4026
A111: 46156 | B111: Loja Pistão | C111: 4027 | D111: João Lucas | E111: Entrega Total | F111: SIM | G111: SIM | H111: SIM | I111: SIM | J111: =IF(C111="","",IF(E111="Retorno Total"," ",IF(E111="Cancelado"," ",IF(AND(G111="SIM",H111="SIM"),"SIM","NÃO")))) -> SIM | K111: =IF(C111="","",IF(AND(F111="SIM",I111="SIM",J111="SIM"),"OK","NOK")) -> OK | L111: OK | N111: Qualidade | O111: =IF(B111="","",IFERROR(IF(VLOOKUP(B111,AUXILIAR!$O$2:$P$50,2,FALSE)="","CADASTRAR GERENTE",VLOOKUP(B111,AUXILIAR!$O$2:$P$50,2,FALSE)),"CADASTRAR GERENTE")) -> Cinthya | P111: =IF(C111="","",TEXT(A111,"yyyymmdd")&"-"&B111&"-"&C111) -> yyyy0514-Loja Pistão-4027
A112: 46156 | B112: Loja ADE | C112: 4028 | D112: João Lucas | E112: Entrega Total | F112: SIM | G112: SIM | H112: SIM | I112: SIM | J112: =IF(C112="","",IF(E112="Retorno Total"," ",IF(E112="Cancelado"," ",IF(AND(G112="SIM",H112="SIM"),"SIM","NÃO")))) -> SIM | K112: =IF(C112="","",IF(AND(F112="SIM",I112="SIM",J112="SIM"),"OK","NOK")) -> OK | L112: OK | N112: Qualidade | O112: =IF(B112="","",IFERROR(IF(VLOOKUP(B112,AUXILIAR!$O$2:$P$50,2,FALSE)="","CADASTRAR GERENTE",VLOOKUP(B112,AUXILIAR!$O$2:$P$50,2,FALSE)),"CADASTRAR GERENTE")) -> Danilo | P112: =IF(C112="","",TEXT(A112,"yyyymmdd")&"-"&B112&"-"&C112) -> yyyy0514-Loja ADE-4028
...

Sheet INSTRUÇÕES
A1: INSTRUÇÕES — ROTINA DE AUDITORIA
A4: Rotina diária recomendada
A5: 1. Abrir o SANTRI na tela de MANIFESTOS.
A6: 2. Para cada manifesto do dia, registrar Data, Loja, Manifesto e Motorista.
A7: 3. Verificar se há assinatura/ciência do motorista em MANIFESTOS.
A8: 4. Abrir a aba ENTREGAS e verificar Foto Entrega + Assinatura Cliente.
A9: 5. Marcar SIM/NÃO nas colunas de checklist.
A10: 6. O Excel calcula Evidência Completa, OK/NOK, Score, Ranking e Dashboard.
A11: 7. Se houver NOK, selecionar o Erro Padrão e registrar observação se necessário.
A12: 8. Quando passar aos gerentes, usar Gerente Resp. e Auditado por para controle.
A14: Critério de conformidade
A15: OK = Assinatura Motorista SIM + Baixado SIM + Foto Entrega SIM + Assinatura Cliente SIM.
... A18: Score Ponderado = Assinatura Motorista 30% + Evidência Completa 40% + Baixado 30%.

Sheet POWER_BI
A1: POWER BI — CONEXÃO E MEDIDAS DAX
A4: Medida / Coluna | B4: DAX
A5: Evidencia Completa | B5: Evidencia Completa = IF( 'tblControleDiario'[Foto Entrega?] = "SIM" && 'tblControleDiario'[Assinatura Cliente?] = "SIM", "SIM", "NÃO" )
A6: Conforme | B6: Conforme = IF( 'tblControleDiario'[Assinatura Motorista?] = "SIM" && 'tblControleDiario'[Baixado?] = "SIM" && 'tblControleDiario'[Evidencia Completa] = "SIM", "OK", "NOK" )
A7: TCPE | B7: TCPE = DIVIDE( CALCULATE(COUNTROWS('tblControleDiario'), 'tblControleDiario'[Conforme] = "OK"), COUNTROWS('tblControleDiario') )
A8: % Assinatura Motorista | B8: % Assinatura Motorista = DIVIDE( CALCULATE(COUNTROWS('tblControleDiario'), 'tblControleDiario'[Assinatura Motorista?] = "SIM"), COUNTROWS('tblControleDiario') )
A9: % Evidência | B9: % Evidência = DIVIDE( CALCULATE(COUNTROWS('tblControleDiario'), 'tblControleDiario'[Evidencia Completa] = "SIM"), COUNTROWS('tblControleDiario') )
A10: % Baixado | B10: % Baixado = DIVIDE( CALCULATE(COUNTROWS('tblControleDiario'), 'tblControleDiario'[Baixado?] = "SIM"), COUNTROWS('tblControleDiario') )
A11: ISO | B11: ISO = ([TCPE] * 0.4) + ([% Assinatura Motorista] * 0.2) + ([% Evidência] * 0.2) + ([% Baixado] * 0.2)

Sheet AUXILIAR
A1: SIM_NAO | C1: LOJA | E1: MOTORISTA | G1: STATUS_ENTREGA | I1: ERRO_PADRAO | K1: GERENTE | M1: AUDITOR | O1: MAPA_LOJA | P1: MAPA_GERENTE
A2: SIM | C2: Loja Pistão | E2: João Lucas | G2: Entrega Total | I2: OK | K2: Cinthya | M2: Gerente | O2: Loja Pistão | P2: Cinthya
A3: NÃO | C3: Loja Asa Norte | E3: Jusley | G3: Retorno Total | I3: Sem assinatura | K3: Danilo | M3: Qualidade | O3: Loja Asa Norte | P3: Neudo
C4: Loja Aguas Lindas | E4: J. Alessandro | G4: Entrega Parcial | I4: Sem nenhuma foto | K4: Neudo | M4: Operação | O4: Loja Aguas Lindas | P4: Natália
C5: Loja Valparaiso | E5: Wederson C. | G5: Aberto | I5: Sem foto fachada | K5: Natália | O5: Loja Valparaiso | P5: Cleonice
C6: Loja Ceilândia | G6: Devolução Avaria | I6: Sem foto produtos | K6: Luciano | O6: Loja Ceilândia | P6: Sérgio
C7: Loja ADE | G7: Cancelado | I7: Sem fotos e assinatura | K7: Cleonice | O7: Loja ADE | P7: Danilo
C8: Loja Matriz | I8: Não conferido | K8: Sérgio | O8: Loja Matriz
C9: Loja Luziânia | I9: Não baixado | O9: Loja Luziânia | P9: Luciano
I10: Manifesto cancelado
I11: Outro

Sheet TRATAMENTO
A1: TRATAMENTO — CÁLCULOS AUTOMÁTICOS
A4: Data Auditoria | B4: Loja | C4: Nº Manifesto | D4: Motorista | E4: Status SANTRI | F4: Assinatura Motorista? | G4: Foto Entrega? | H4: Assinatura Cliente? | I4: Baixado? | J4: Evidência Completa | K4: OK/NOK | L4: Erro Padrão | M4: Observação | N4: Auditado por | O4: Gerente Resp. | P4: Chave | Q4: Score Ponderado | R4: Erro Calculado | S4: Mês | T4: Semana | U4: Ano | V4: ISO Base | W4: Status Gestão
A5: =CONTROLE_DIARIO!A6 -> 46141 | B5: =CONTROLE_DIARIO!B6 -> Loja ADE | C5: =CONTROLE_DIARIO!C6 -> 3895 | D5: =CONTROLE_DIARIO!D6 -> João Lucas | E5: =CONTROLE_DIARIO!E6 -> Entrega Total | F5: =CONTROLE_DIARIO!F6 -> SIM | G5: =CONTROLE_DIARIO!G6 -> SIM | H5: =CONTROLE_DIARIO!H6 -> SIM | ... P5: =CONTROLE_DIARIO!P6 -> yyyy0429-Loja ADE-3895 | Q5: =IF(C5="","",(IF(F5="SIM",0.3,0)+IF(J5="SIM",0.4,0)+IF(I5="SIM",0.3,0))) -> 1 | R5: =IF(C5="","",IF(E5="Retorno Total","Retorno Total",IF(E5="Cancelado","Manifesto Cancelado",IF(AND(F5="NÃO",G5="NÃO",H5="NÃO"),"FORA APP",IF(F5="NÃO","Não conferido",IF(I5="NÃO","Não baixado",IF(AND(G5="NÃO",H5="NÃO"),"Sem foto e assinatura",IF(G5="NÃO","Sem foto",IF(H5="NÃO","Sem assinatura","OK"))))))))) -> OK | S5: =IF(A5="","",TEXT(A5,"mmm/yy")) -> abr/yy | T5: =IF(A5="","",WEEKNUM(A5,2)) -> 18 | U5: =IF(A5="","",YEAR(A5)) -> 2026 | V5: =IF(C5="","",Q5) -> 1 | W5: =IF(C5="","",IF(Q5<0.85,"CRÍTICO",IF(Q5<0.95,"ATENÇÃO","OK"))) -> OK
A6: =CONTROLE_DIARIO!A7 -> 46141 | B6: =CONTROLE_DIARIO!B7 -> Loja ADE | C6: =CONTROLE_DIARIO!C7 -> 3896 | D6: =CONTROLE_DIARIO!D7 -> João Lucas | E6: =CONTROLE_DIARIO!E7 -> Entrega Total | F6: =CONTROLE_DIARIO!F7 -> SIM | G6: =CONTROLE_DIARIO!G7 -> SIM | H6: =CONTROLE_DIARIO!H7 -> SIM | ... P6: =CONTROLE_DIARIO!P7 -> yyyy0429-Loja ADE-3896 | Q6: =IF(C6="","",(IF(F6="SIM",0.3,0)+IF(J6="SIM",0.4,0)+IF(I6="SIM",0.3,0))) -> 1 | R6: =IF(C6="","",IF(E6="Retorno Total","Retorno Total",IF(E6="Cancelado","Manifesto Cancelado",IF(AND(F6="NÃO",G6="NÃO",H6="NÃO"),"FORA APP",IF(F6="NÃO","Não conferido",IF(I6="NÃO","Não baixado",IF(AND(G6="NÃO",H6="NÃO"),"Sem foto e assinatura",IF(G6="NÃO","Sem foto",IF(H6="NÃO","Sem assinatura","OK"))))))))) -> OK | S6: =IF(A6="","",TEXT(A6,"mmm/yy")) -> abr/yy | T6: =IF(A6="","",WEEKNUM(A6,2)) -> 18 | U6: =IF(A6="","",YEAR(A6)) -> 2026 | V6: =IF(C6="","",Q6) -> 1 | W6: =IF(C6="","",IF(Q6<0.85,"CRÍTICO",IF(Q6<0.95,"ATENÇÃO","OK"))) -> OK
A7: =CONTROLE_DIARIO!A8 -> 46141 | B7: =CONTROLE_DIARIO!B8 -> Loja ADE | C7: =CONTROLE_DIARIO!C8 -> 3897 | D7: =CONTROLE_DIARIO!D8 -> João Lucas | E7: =CONTROLE_DIARIO!E8 -> Entrega Total | F7: =CONTROLE_DIARIO!F8 -> SIM | G7: =CONTROLE_DIARIO!G8 -> SIM | H7: =CONTROLE_DIARIO!H8 -> NÃO | ... P7: =CONTROLE_DIARIO!P8 -> yyyy0429-Loja ADE-3897 | Q7: =IF(C7="","",(IF(F7="SIM",0.3,0)+IF(J7="SIM",0.4,0)+IF(I7="SIM",0.3,0))) -> 0.6 | R7: =IF(C7="","",IF(E7="Retorno Total","Retorno Total",IF(E7="Cancelado","Manifesto Cancelado",IF(AND(F7="NÃO",G7="NÃO",H7="NÃO"),"FORA APP",IF(F7="NÃO","Não conferido",IF(I7="NÃO","Não baixado",IF(AND(G7="NÃO",H7="NÃO"),"Sem foto e assinatura",IF(G7="NÃO","Sem foto",IF(H7="NÃO","Sem assinatura","OK"))))))))) -> Sem assinatura | S7: =IF(A7="","",TEXT(A7,"mmm/yy")) -> abr/yy | T7: =IF(A7="","",WEEKNUM(A7,2)) -> 18 | U7: =IF(A7="","",YEAR(A7)) -> 2026 | V7: =IF(C7="","",Q7) -> 0.6 | W7: =IF(C7="","",IF(Q7<0.85,"CRÍTICO",IF(Q7<0.95,"ATENÇÃO","OK"))) -> CRÍTICO
A8: =CONTROLE_DIARIO!A9 -> 46141 | B8: =CONTROLE_DIARIO!B9 -> Loja ADE | C8: =CONTROLE_DIARIO!C9 -> 3901 | D8: =CONTROLE_DIARIO!D9 -> João Lucas | E8: =CONTROLE_DIARIO!E9 -> Entrega Total | F8: =CONTROLE_DIARIO!F9 -> SIM | G8: =CONTROLE_DIARIO!G9 -> SIM | H8: =CONTROLE_DIARIO!H9 -> SIM | ... P8: =CONTROLE_DIARIO!P9 -> yyyy0429-Loja ADE-3901 | Q8: =IF(C8="","",(IF(F8="SIM",0.3,0)+IF(J8="SIM",0.4,0)+IF(I8="SIM",0.3,0))) -> 1 | R8: =IF(C8="","",IF(E8="Retorno Total","Retorno Total",IF(E8="Cancelado","Manifesto Cancelado",IF(AND(F8="NÃO",G8="NÃO",H8="NÃO"),"FORA APP",IF(F8="NÃO","Não conferido",IF(I8="NÃO","Não baixado",IF(AND(G8="NÃO",H8="NÃO"),"Sem foto e assinatura",IF(G8="NÃO","Sem foto",IF(H8="NÃO","Sem assinatura","OK"))))))))) -> OK | S8: =IF(A8="","",TEXT(A8,"mmm/yy")) -> abr/yy | T8: =IF(A8="","",WEEKNUM(A8,2)) -> 18 | U8: =IF(A8="","",YEAR(A8)) -> 2026 | V8: =IF(C8="","",Q8) -> 1 | W8: =IF(C8="","",IF(Q8<0.85,"CRÍTICO",IF(Q8<0.95,"ATENÇÃO","OK"))) -> OK
A9: =CONTROLE_DIARIO!A10 -> 46149 | B9: =CONTROLE_DIARIO!B10 -> Loja Pistão | C9: =CONTROLE_DIARIO!C10 -> 3902 | D9: =CONTROLE_DIARIO!D10 -> João Lucas | E9: =CONTROLE_DIARIO!E10 -> Entrega Total | F9: =CONTROLE_DIARIO!F10 -> SIM | G9: =CONTROLE_DIARIO!G10 -> SIM | H9: =CONTROLE_DIARIO!H10 -> SIM | ... P9: =CONTROLE_DIARIO!P10 -> yyyy0507-Loja Pistão-3902 | Q9: =IF(C9="","",(IF(F9="SIM",0.3,0)+IF(J9="SIM",0.4,0)+IF(I9="SIM",0.3,0))) -> 1 | R9: =IF(C9="","",IF(E9="Retorno Total","Retorno Total",IF(E9="Cancelado","Manifesto Cancelado",IF(AND(F9="NÃO",G9="NÃO",H9="NÃO"),"FORA APP",IF(F9="NÃO","Não conferido",IF(I9="NÃO","Não baixado",IF(AND(G9="NÃO",H9="NÃO"),"Sem foto e assinatura",IF(G9="NÃO","Sem foto",IF(H9="NÃO","Sem assinatura","OK"))))))))) -> OK | S9: =IF(A9="","",TEXT(A9,"mmm/yy")) -> mai/yy | T9: =IF(A9="","",WEEKNUM(A9,2)) -> 19 | U9: =IF(A9="","",YEAR(A9)) -> 2026 | V9: =IF(C9="","",Q9) -> 1 | W9: =IF(C9="","",IF(Q9<0.85,"CRÍTICO",IF(Q9<0.95,"ATENÇÃO","OK"))) -> OK
A10: =CONTROLE_DIARIO!A11 -> 46149 | B10: =CONTROLE_DIARIO!B11 -> Loja Pistão | C10: =CONTROLE_DIARIO!C11 -> 3903 | D10: =CONTROLE_DIARIO!D11 -> João Lucas | E10: =CONTROLE_DIARIO!E11 -> Cancelado | F10: =CONTROLE_DIARIO!F11 -> 0 | G10: =CONTROLE_DIARIO!G11 -> 0 | H10: =CONTROLE_DIARIO!H11 -> 0 | ... P10: =CONTROLE_DIARIO!P11 -> yyyy0507-Loja Pistão-3903 | Q10: =IF(C10="","",(IF(F10="SIM",0.3,0)+IF(J10="SIM",0.4,0)+IF(I10="SIM",0.3,0))) -> 0 | R10: =IF(C10="","",IF(E10="Retorno Total","Retorno Total",IF(E10="Cancelado","Manifesto Cancelado",IF(AND(F10="NÃO",G10="NÃO",H10="NÃO"),"FORA APP",IF(F10="NÃO","Não conferido",IF(I10="NÃO","Não baixado",IF(AND(G10="NÃO",H10="NÃO"),"Sem foto e assinatura",IF(G10="NÃO","Sem foto",IF(H10="NÃO","Sem assinatura","OK"))))))))) -> Manifesto Cancelado | S10: =IF(A10="","",TEXT(A10,"mmm/yy")) -> mai/yy | T10: =IF(A10="","",WEEKNUM(A10,2)) -> 19 | U10: =IF(A10="","",YEAR(A10)) -> 2026 | V10: =IF(C10="","",Q10) -> 0 | W10: =IF(C10="","",IF(Q10<0.85,"CRÍTICO",IF(Q10<0.95,"ATENÇÃO","OK"))) -> CRÍTICO
A11: =CONTROLE_DIARIO!A12 -> 46141 | B11: =CONTROLE_DIARIO!B12 -> Loja ADE | C11: =CONTROLE_DIARIO!C12 -> 3904 | D11: =CONTROLE_DIARIO!D12 -> João Lucas | E11: =CONTROLE_DIARIO!E12 -> Entrega Total | F11: =CONTROLE_DIARIO!F12 -> SIM | G11: =CONTROLE_DIARIO!G12 -> SIM | H11: =CONTROLE_DIARIO!H12 -> SIM | ... P11: =CONTROLE_DIARIO!P12 -> yyyy0429-Loja ADE-3904 | Q11: =IF(C11="","",(IF(F11="SIM",0.3,0)+IF(J11="SIM",0.4,0)+IF(I11="SIM",0.3,0))) -> 1 | R11: =IF(C11="","",IF(E11="Retorno Total","Retorno Total",IF(E11="Cancelado","Manifesto Cancelado",IF(AND(F11="NÃO",G11="NÃO",H11="NÃO"),"FORA APP",IF(F11="NÃO","Não conferido",IF(I11="NÃO","Não baixado",IF(AND(G11="NÃO",H11="NÃO"),"Sem foto e assinatura",IF(G11="NÃO","Sem foto",IF(H11="NÃO","Sem assinatura","OK"))))))))) -> OK | S11: =IF(A11="","",TEXT(A11,"mmm/yy")) -> abr/yy | T11: =IF(A11="","",WEEKNUM(A11,2)) -> 18 | U11: =IF(A11="","",YEAR(A11)) -> 2026 | V11: =IF(C11="","",Q11) -> 1 | W11: =IF(C11="","",IF(Q11<0.85,"CRÍTICO",IF(Q11<0.95,"ATENÇÃO","OK"))) -> OK
A12: =CONTROLE_DIARIO!A13 -> 46141 | B12: =CONTROLE_DIARIO!B13 -> Loja ADE | C12: =CONTROLE_DIARIO!C13 -> 3905 | D12: =CONTROLE_DIARIO!D13 -> João Lucas | E12: =CONTROLE_DIARIO!E13 -> Entrega Total | F12: =CONTROLE_DIARIO!F13 -> SIM | G12: =CONTROLE_DIARIO!G13 -> SIM | H12: =CONTROLE_DIARIO!H13 -> NÃO | ... P12: =CONTROLE_DIARIO!P13 -> yyyy0429-Loja ADE-3905 | Q12: =IF(C12="","",(IF(F12="SIM",0.3,0)+IF(J12="SIM",0.4,0)+IF(I12="SIM",0.3,0))) -> 0.6 | R12: =IF(C12="","",IF(E12="Retorno Total","Retorno Total",IF(E12="Cancelado","Manifesto Cancelado",IF(AND(F12="NÃO",G12="NÃO",H12="NÃO"),"FORA APP",IF(F12="NÃO","Não conferido",IF(I12="NÃO","Não baixado",IF(AND(G12="NÃO",H12="NÃO"),"Sem foto e assinatura",IF(G12="NÃO","Sem foto",IF(H12="NÃO","Sem assinatura","OK"))))))))) -> Sem assinatura | S12: =IF(A12="","",TEXT(A12,"mmm/yy")) -> abr/yy | T12: =IF(A12="","",WEEKNUM(A12,2)) -> 18 | U12: =IF(A12="","",YEAR(A12)) -> 2026 | V12: =IF(C12="","",Q12) -> 0.6 | W12: =IF(C12="","",IF(Q12<0.85,"CRÍTICO",IF(Q12<0.95,"ATENÇÃO","OK"))) -> CRÍTICO
A13: =CONTROLE_DIARIO!A14 -> 46141 | B13: =CONTROLE_DIARIO!B14 -> Loja ADE | C13: =CONTROLE_DIARIO!C14 -> 3906 | D13: =CONTROLE_DIARIO!D14 -> João Lucas | E13: =CONTROLE_DIARIO!E14 -> Entrega Total | F13: =CONTROLE_DIARIO!F14 -> SIM | G13: =CONTROLE_DIARIO!G14 -> SIM | H13: =CONTROLE_DIARIO!H14 -> SIM | ... P13: =CONTROLE_DIARIO!P14 -> yyyy0429-Loja ADE-3906 | Q13: =IF(C13="","",(IF(F13="SIM",0.3,0)+IF(J13="SIM",0.4,0)+IF(I13="SIM",0.3,0))) -> 1 | R13: =IF(C13="","",IF(E13="Retorno Total","Retorno Total",IF(E13="Cancelado","Manifesto Cancelado",IF(AND(F13="NÃO",G13="NÃO",H13="NÃO"),"FORA APP",IF(F13="NÃO","Não conferido",IF(I13="NÃO","Não baixado",IF(AND(G13="NÃO",H13="NÃO"),"Sem foto e assinatura",IF(G13="NÃO","Sem foto",IF(H13="NÃO","Sem assinatura","OK"))))))))) -> OK | S13: =IF(A13="","",TEXT(A13,"mmm/yy")) -> abr/yy | T13: =IF(A13="","",WEEKNUM(A13,2)) -> 18 | U13: =IF(A13="","",YEAR(A13)) -> 2026 | V13: =IF(C13="","",Q13) -> 1 | W13: =IF(C13="","",IF(Q13<0.85,"CRÍTICO",IF(Q13<0.95,"ATENÇÃO","OK"))) -> OK
A14: =CONTROLE_DIARIO!A15 -> 46141 | B14: =CONTROLE_DIARIO!B15 -> Loja ADE | C14: =CONTROLE_DIARIO!C15 -> 3907 | D14: =CONTROLE_DIARIO!D15 -> João Lucas | E14: =CONTROLE_DIARIO!E15 -> Entrega Total | F14: =CONTROLE_DIARIO!F15 -> SIM | G14: =CONTROLE_DIARIO!G15 -> SIM | H14: =CONTROLE_DIARIO!H15 -> SIM | ... P14: =CONTROLE_DIARIO!P15 -> yyyy0429-Loja ADE-3907 | Q14: =IF(C14="","",(IF(F14="SIM",0.3,0)+IF(J14="SIM",0.4,0)+IF(I14="SIM",0.3,0))) -> 1 | R14: =IF(C14="","",IF(E14="Retorno Total","Retorno Total",IF(E14="Cancelado","Manifesto Cancelado",IF(AND(F14="NÃO",G14="NÃO",H14="NÃO"),"FORA APP",IF(F14="NÃO","Não conferido",IF(I14="NÃO","Não baixado",IF(AND(G14="NÃO",H14="NÃO"),"Sem foto e assinatura",IF(G14="NÃO","Sem foto",IF(H14="NÃO","Sem assinatura","OK"))))))))) -> OK | S14: =IF(A14="","",TEXT(A14,"mmm/yy")) -> abr/yy | T14: =IF(A14="","",WEEKNUM(A14,2)) -> 18 | U14: =IF(A14="","",YEAR(A14)) -> 2026 | V14: =IF(C14="","",Q14) -> 1 | W14: =IF(C14="","",IF(Q14<0.85,"CRÍTICO",IF(Q14<0.95,"ATENÇÃO","OK"))) -> OK
A15: =CONTROLE_DIARIO!A16 -> 46149 | B15: =CONTROLE_DIARIO!B16 -> Loja Valparaiso | C15: =CONTROLE_DIARIO!C16 -> 3908 | D15: =CONTROLE_DIARIO!D16 -> Wederson C. | E15: =CONTROLE_DIARIO!E16 -> Entrega Total | F15: =CONTROLE_DIARIO!F16 -> SIM | G15: =CONTROLE_DIARIO!G16 -> SIM | H15: =CONTROLE_DIARIO!H16 -> SIM | ... P15: =CONTROLE_DIARIO!P16 -> yyyy0507-Loja Valparaiso-3908 | Q15: =IF(C15="","",(IF(F15="SIM",0.3,0)+IF(J15="SIM",0.4,0)+IF(I15="SIM",0.3,0))) -> 1 | R15: =IF(C15="","",IF(E15="Retorno Total","Retorno Total",IF(E15="Cancelado","Manifesto Cancelado",IF(AND(F15="NÃO",G15="NÃO",H15="NÃO"),"FORA APP",IF(F15="NÃO","Não conferido",IF(I15="NÃO","Não baixado",IF(AND(G15="NÃO",H15="NÃO"),"Sem foto e assinatura",IF(G15="NÃO","Sem foto",IF(H15="NÃO","Sem assinatura","OK"))))))))) -> OK | S15: =IF(A15="","",TEXT(A15,"mmm/yy")) -> mai/yy | T15: =IF(A15="","",WEEKNUM(A15,2)) -> 19 | U15: =IF(A15="","",YEAR(A15)) -> 2026 | V15: =IF(C15="","",Q15) -> 1 | W15: =IF(C15="","",IF(Q15<0.85,"CRÍTICO",IF(Q15<0.95,"ATENÇÃO","OK"))) -> OK
A16: =CONTROLE_DIARIO!A17 -> 46149 | B16: =CONTROLE_DIARIO!B17 -> Loja Valparaiso | C16: =CONTROLE_DIARIO!C17 -> 3909 | D16: =CONTROLE_DIARIO!D17 -> Wederson C. | E16: =CONTROLE_DIARIO!E17 -> Entrega Total | F16: =CONTROLE_DIARIO!F17 -> SIM | G16: =CONTROLE_DIARIO!G17 -> SIM | H16: =CONTROLE_DIARIO!H17 -> SIM | ... P16: =CONTROLE_DIARIO!P17 -> yyyy0507-Loja Valparaiso-3909 | Q16: =IF(C16="","",(IF(F16="SIM",0.3,0)+IF(J16="SIM",0.4,0)+IF(I16="SIM",0.3,0))) -> 1 | R16: =IF(C16="","",IF(E16="Retorno Total","Retorno Total",IF(E16="Cancelado","Manifesto Cancelado",IF(AND(F16="NÃO",G16="NÃO",H16="NÃO"),"FORA APP",IF(F16="NÃO","Não conferido",IF(I16="NÃO","Não baixado",IF(AND(G16="NÃO",H16="NÃO"),"Sem foto e assinatura",IF(G16="NÃO","Sem foto",IF(H16="NÃO","Sem assinatura","OK"))))))))) -> OK | S16: =IF(A16="","",TEXT(A16,"mmm/yy")) -> mai/yy | T16: =IF(A16="","",WEEKNUM(A16,2)) -> 19 | U16: =IF(A16="","",YEAR(A16)) -> 2026 | V16: =IF(C16="","",Q16) -> 1 | W16: =IF(C16="","",IF(Q16<0.85,"CRÍTICO",IF(Q16<0.95,"ATENÇÃO","OK"))) -> OK
... A500: =CONTROLE_DIARIO!A501 -> 0 | B500: =CONTROLE_DIARIO!B501 -> 0 | C500: =CONTROLE_DIARIO!C501 -> 0 | D500: =CONTROLE_DIARIO!D501 -> 0 | E500: =CONTROLE_DIARIO!E501 -> 0 | F500: =CONTROLE_DIARIO!F501 -> 0 | G500: =CONTROLE_DIARIO!G501 -> 0 | H500: =CONTROLE_DIARIO!H501 -> 0 | ... P500: =CONTROLE_DIARIO!P501 | Q500: =IF(C500="","",(IF(F500="SIM",0.3,0)+IF(J500="SIM",0.4,0)+IF(I500="SIM",0.3,0))) -> 0 | R500: =IF(C500="","",IF(E500="Retorno Total","Retorno Total",IF(E500="Cancelado","Manifesto Cancelado",IF(AND(F500="NÃO",G500="NÃO",H500="NÃO"),"FORA APP",IF(F500="NÃO","Não conferido",IF(I500="NÃO","Não baixado",IF(AND(G500="NÃO",H500="NÃO"),"Sem foto e assinatura",IF(G500="NÃO","Sem foto",IF(H500="NÃO","Sem assinatura","OK"))))))))) -> OK | S500: =IF(A500="","",TEXT(A500,"mmm/yy")) -> jan/yy | T500: =IF(A500="","",WEEKNUM(A500,2)) -> 1 | U500: =IF(A500="","",YEAR(A500)) -> 1900 | V500: =IF(C500="","",Q500) -> 0 | W500: =IF(C500="","",IF(Q500<0.85,"CRÍTICO",IF(Q500<0.95,"ATENÇÃO","OK"))) -> CRÍTICO
